-- phpMyAdmin SQL Dump
-- version 3.5.2.2
-- http://www.phpmyadmin.net
--
-- Host: localhost
-- Erstellungszeit: 16. Jan 2014 um 14:03
-- Server Version: 5.5.27
-- PHP-Version: 5.4.7

SET SQL_MODE="NO_AUTO_VALUE_ON_ZERO";
SET time_zone = "+00:00";


/*!40101 SET @OLD_CHARACTER_SET_CLIENT=@@CHARACTER_SET_CLIENT */;
/*!40101 SET @OLD_CHARACTER_SET_RESULTS=@@CHARACTER_SET_RESULTS */;
/*!40101 SET @OLD_COLLATION_CONNECTION=@@COLLATION_CONNECTION */;
/*!40101 SET NAMES utf8 */;

DROP SCHEMA IF EXISTS `daemontest`;

CREATE SCHEMA IF NOT EXISTS `daemontest` DEFAULT CHARACTER SET utf8mb4 ;
USE `daemontest` ;

--
-- Datenbank: `daemontest`
--

-- --------------------------------------------------------

--
-- Tabellenstruktur für Tabelle `hashtags`
--

CREATE TABLE IF NOT EXISTS `hashtags` (
  `id` int(10) unsigned NOT NULL AUTO_INCREMENT,
  `text` varchar(140) DEFAULT NULL,
  PRIMARY KEY (`id`),
  UNIQUE KEY `text_UNIQUE` (`text`)
) ENGINE=InnoDB  DEFAULT CHARSET=utf8mb4 AUTO_INCREMENT=213 ;

-- --------------------------------------------------------

--
-- Tabellenstruktur für Tabelle `mentions`
--

CREATE TABLE IF NOT EXISTS `mentions` (
  `tweets_id` bigint(20) unsigned NOT NULL,
  `users_id` bigint(20) unsigned NOT NULL,
  PRIMARY KEY (`tweets_id`,`users_id`),
  KEY `fk_tweets_has_users_tweets_idx` (`tweets_id`)
) ENGINE=InnoDB DEFAULT CHARSET=utf8mb4;

--
-- Daten für Tabelle `mentions`
--

INSERT INTO `mentions` (`tweets_id`, `users_id`) VALUES
(400273699997097984, 126903716),
(407079984344223746, 204386721),
(407594630985707521, 87818409),
(408251011015249920, 20326751),
(408273094675951616, 339161934),
(408279815046053889, 579972290),
(408331491803136001, 2467791),
(408334695970381824, 17241749),
(408353159900184576, 1334783156),
(408354340991016961, 10228272),
(408354353247170560, 243753931),
(408356578107334656, 560459733),
(408356847503290368, 560459733),
(408356847503290368, 1477523647),
(408356936602910720, 560459733),
(408356936602910720, 1477523647),
(408358428277739520, 2163764826),
(408358460041211904, 2163764826),
(408358504445915137, 2163764826),
(408358547920289792, 2163764826),
(408358647908286464, 2163764826),
(408358843559579650, 2163764826),
(408358893798952960, 2163764826),
(408358936052760577, 2163764826),
(408358963550621696, 2163764826),
(408358984945778688, 2163764826),
(408359168215875584, 2163764826),
(408359565093134336, 558797310),
(408359774527303680, 2163764826),
(408360019185643520, 2163764826),
(408360234168877056, 2163764826),
(408360350879592448, 2163764826),
(408360820037267456, 64376086),
(408360821366870016, 2163764826),
(408361199706075136, 2163764826),
(408361393419976704, 2163764826),
(408361405579280384, 17478367),
(408361566883827712, 2163764826),
(408361623917977600, 2163764826),
(408361745141739520, 2163764826),
(408362029724860417, 2163764826),
(408362048398315520, 72530705),
(408362209321168896, 2163764826),
(408362316049432576, 1632136682),
(408362379777699840, 72530705),
(408362903734341632, 2163764826),
(408362973632421888, 2163764826),
(408363004720607233, 2163764826),
(408363054494408704, 2163764826),
(408363186388099072, 466235211),
(408364752591532032, 2163764826),
(408365095560171520, 2163764826),
(408365109518430209, 17478367),
(408365213914652672, 17478367),
(408365433369030656, 535044342),
(408365461357596673, 535044342),
(408365562108973056, 1857147738),
(408366722094485505, 2163764826),
(408366915082387456, 2163764826),
(408367011811450880, 2163764826),
(408367152362975232, 579972290),
(408367152362975232, 1028177244),
(408368253119909888, 290710308),
(408368474952839169, 42260177),
(408368608725983232, 543774554),
(408368877681528832, 34688133),
(408368877681528832, 63168342),
(408368880986251266, 195496104),
(408368985508687874, 34688133),
(408368985508687874, 63168342),
(408368985508687874, 96233686),
(408369078726713344, 10228272),
(408369452669878272, 7996082),
(408369500648521729, 203295053),
(408369500648521729, 339161934),
(408369520324390912, 2163764826),
(408369568306831360, 30885814),
(408370118935445504, 600337886),
(408370364855496704, 938002339),
(408370750979338241, 288978349),
(408370892872646656, 307817157),
(408370935381893120, 17640208),
(408370935381893120, 257011925),
(408371058828664832, 16220136),
(408371058828664832, 73181712),
(408371058828664832, 189868631),
(408371192630738944, 399577207),
(408371200461516800, 399577207),
(408371200461516800, 466235211),
(408371339049697280, 61569136),
(408371488522137601, 61569136),
(408371488522137601, 266212992),
(408371637306662912, 2163764826),
(408372242989711360, 1205031145),
(408372346785767424, 56363220),
(408372346785767424, 339161934),
(408372406768508928, 14694570),
(408372406768508928, 339161934),
(408372762768441344, 1076086700),
(408373404111085568, 1409268511),
(408373503625154560, 411765161),
(408373833331392512, 16076032),
(408373952105680896, 341374351),
(408374633549664256, 1020968347),
(408374714697261056, 21422050),
(408374871328948224, 201920138),
(408374871328948224, 254104901),
(408374871328948224, 254230849),
(408375057971310592, 66132864),
(408375661695225856, 178813847),
(408375680414781440, 201920138),
(408375680414781440, 254230849),
(408375680414781440, 855417048),
(408375879266340864, 37836873),
(408375879266340864, 66118503),
(408375895603568640, 348761392),
(408375975341490176, 66132864),
(408375975341490176, 128370270),
(408376042881957888, 230700165),
(408376161182703616, 1391773488),
(408376285488893952, 362510778),
(408376298881294337, 120035961),
(408376298881294337, 267126880),
(408376371384422401, 163586060),
(408376694622679040, 120035961),
(408376694622679040, 142252192),
(408376725018796032, 343581728),
(408376742865166336, 132774626),
(408376744006389760, 59178541),
(408377130326970368, 1333369999),
(408377141865496576, 1364122842),
(408377219044876288, 163586060),
(408377219044876288, 1976525640),
(408377350163013632, 163586060),
(408377350163013632, 1976525640),
(408377395935051776, 24200281),
(408377489053208576, 620363539),
(408377518992158720, 272453851),
(408377631160037376, 16611840),
(408377631160037376, 278541909),
(408377751351992320, 16611840),
(408377751351992320, 278541909),
(408377806096457728, 565780036),
(408377845388701696, 565780036),
(408378567995957248, 95123446),
(408378650019377152, 25526064),
(408378682177495040, 16326019),
(408378715509649408, 16589206),
(408378890386546688, 30885814),
(408379021249220608, 619647819),
(408379021249220608, 620363539),
(408379153289736193, 411765161),
(408379286270525442, 1334783156),
(408379286270525442, 1879108838),
(408379695315812352, 30885814),
(408379850429173760, 1132319354),
(408380055778504705, 606681779),
(408380239115726848, 257332880),
(408380254630445057, 2834511),
(408380575347515392, 238637288),
(408380575347515392, 346880499),
(408380575347515392, 1020968347),
(408380742196924418, 238637288),
(408380742196924418, 346880499),
(408380742196924418, 1020709506),
(408380742196924418, 1020968347),
(408380820588490752, 346880499),
(408380820588490752, 1020709506),
(408380820588490752, 1020968347),
(408380915065180160, 238637288),
(408380915065180160, 346880499),
(408380915065180160, 1020709506),
(408380915065180160, 1020968347),
(408381110347771906, 331854919),
(408381110347771906, 487456715),
(408381110347771906, 513917798),
(408381110347771906, 704129983),
(408381110347771906, 1673739139),
(408381210076139521, 128023009),
(408381591590027264, 30885814),
(408381813942677505, 18700861),
(408381813942677505, 249346925),
(408381813942677505, 254417054),
(408381813942677505, 355458289),
(408381813942677505, 404660692),
(408381813942677505, 415027454),
(408381813942677505, 875890963),
(408381873232957440, 2467791),
(408382610147405824, 18612611),
(408382749129863168, 79281646),
(408383050431467520, 763011698),
(408383131805569024, 16589206),
(408383237300297728, 325241444),
(408383597893017600, 201920138),
(408383597893017600, 254230849),
(408383597893017600, 855417048),
(408383611327356929, 16076032),
(408383887329353729, 209484168),
(408383998734663680, 400953856),
(408383998734663680, 746938928),
(408384158902128640, 20279424),
(408384182499696640, 16076032),
(408384192154566656, 550010708),
(408384227810762752, 14618956),
(408384255430230016, 634116947),
(408384255430230016, 1073825472),
(408384255430230016, 2183072912),
(408384292965072896, 16589206),
(408384322647756800, 14046504),
(408384327475789824, 16589206),
(408384334702182400, 115754870),
(408384334702182400, 438829074),
(408384337407905793, 7111232),
(408384353686007808, 16589206),
(408384365844905984, 336320988),
(408384367816224768, 310691183),
(408384369812713472, 14313712),
(408384400926076928, 16589206),
(408384402595409920, 584321353),
(408384402603769856, 1174500691),
(408384402603769856, 1299721848),
(408384409176662016, 145280115),
(408384415099015169, 91851207),
(408384433159696387, 550010708),
(408384444827840512, 24500377),
(408384446321020928, 12063172),
(408384450628562944, 63437440),
(408384450628562944, 204386721),
(408384462175494144, 172867574),
(408384470652157952, 170397578),
(408384473210695681, 369408790),
(408384473307156480, 142970556),
(408384473307156480, 1134165481),
(408384489669541888, 487456715),
(408384489669541888, 891399733),
(408384489669541888, 1673739139),
(408384490210619393, 64648619),
(408384492869787649, 126903716),
(408384492869787649, 333454592),
(408384507754995712, 14293310),
(408384517360336897, 16042794),
(408384528860733443, 288116382),
(408384529087201280, 4816),
(408384533965205504, 14138785),
(408384540093075456, 16399647),
(408384550549463040, 20517081),
(408384552248164352, 550010708),
(408384580526157824, 495464885),
(408384585261527040, 44820610),
(408384594866864129, 16589206),
(408384594866864129, 26603208),
(408384596817231872, 883843808),
(408384633810612225, 279390084),
(408384639653642240, 70776012),
(408384639653642240, 209484168),
(408384651313815552, 425243419),
(408384651313815552, 517022527),
(408384664600973312, 7794552),
(408384674680291328, 2467791),
(408384674680291328, 65948622),
(408384684922400770, 126903716),
(408384684922400770, 333454592),
(408384686746918912, 337529500),
(408384689364557824, 425243419),
(408384699745071104, 78916725),
(408384700391391232, 331854919),
(408384700391391232, 487456715),
(408384700391391232, 704129983),
(408384700391391232, 891399733),
(408384700391391232, 1673739139),
(408384701263790080, 14313712),
(408384701351858177, 16589206),
(408384710713540608, 16076032),
(408384710713540608, 189050609),
(408384715637665792, 19534873),
(408384715637665792, 20326751),
(408384720234246144, 16589206),
(408384721723617280, 211335270),
(408384729973809152, 10228272),
(408384732872056832, 15990298),
(408384735011151872, 1598704231),
(408384744670257152, 558581091),
(408384745949900800, 16589206),
(408384748969791488, 17241749),
(408384748969791488, 117543420),
(408384750076702720, 18510860),
(408384762261143552, 437627160),
(408384762676781056, 84351228),
(408384762676781056, 87818409),
(408384778615156736, 10228272),
(408384781211422720, 16589206),
(408384786156122112, 320657168),
(408384796742524928, 170397578),
(408384796742524928, 311563960),
(408384801469915136, 10228272),
(408384815365226496, 16042794),
(408384815365226496, 19416649),
(408384819249545216, 14199907),
(408384819249545216, 16589206),
(408384823057973248, 487456715),
(408384823057973248, 891399733),
(408384825779707904, 14363601),
(408384827944353792, 16589206),
(408384828673769473, 154070583),
(408384828673769473, 168301164),
(408384828673769473, 226107231),
(408384831152615424, 26565946),
(408384831152615424, 957027824),
(408384832608432128, 437670280),
(408384837503168512, 10228272),
(408384845115842560, 14322409),
(408384845115842560, 91851207),
(408384853957414913, 4816),
(408384857371197440, 252828803),
(408384881040035840, 77197634),
(408384881040035840, 634116947),
(408384881040035840, 1073825472),
(408384881530769408, 418161708),
(408384884046983168, 4816),
(408384888573026304, 7111232),
(408384898785767424, 1331956104),
(408384935175528448, 320657168),
(408384944059068416, 285535610),
(408384949499068416, 15052671),
(408384969812094976, 172867574),
(408384974258446336, 12063172),
(408384978284584960, 24676278),
(408384995934625792, 19315236),
(408384999079936000, 10228272),
(408384999079936000, 132789601),
(408385011335692288, 915374472),
(408385025013346304, 437670280),
(408385052561530880, 34713362),
(408385054411218945, 13361922),
(408385069498109952, 16098821),
(408385086975791104, 239258323),
(408385088356106240, 2467791),
(408385088356106240, 6017542),
(408385094223552513, 487456715),
(408385094223552513, 513917798),
(408385094223552513, 1673739139),
(408385097717391360, 495464885),
(408385101329072128, 211335270),
(408385103799123968, 77197634),
(408385103799123968, 634116947),
(408385103799123968, 1073825472),
(408385117879414785, 389099416),
(408385117879414785, 475286355),
(408385122795548672, 487456715),
(408385122795548672, 513917798),
(408385122795548672, 891399733),
(408385122795548672, 1673739139),
(408385124208631808, 207902584),
(408385129698963457, 15052671),
(408385142739054593, 569814186),
(408385156810936320, 47411569),
(408385159466348544, 425243419),
(408385159466348544, 585606597),
(408385162641018881, 4816),
(408385172355047424, 217388162),
(408385172573536256, 4816),
(408385173214883840, 320657168),
(408385176977551360, 16589206),
(408385194257690624, 320657168),
(408385203409670144, 927805554),
(408385208040169472, 178813847),
(408385208040169472, 569814186),
(408385215078211584, 2467791);

-- --------------------------------------------------------

--
-- Tabellenstruktur für Tabelle `search_terms`
--

CREATE TABLE IF NOT EXISTS `search_terms` (
  `id` int(10) unsigned NOT NULL AUTO_INCREMENT,
  `term` varchar(140) NOT NULL,
  `active` tinyint(1) NOT NULL,
  `current_start` datetime NOT NULL,
  `old_start` datetime DEFAULT NULL,
  `interval_length` time DEFAULT NULL,
  `priority` int(10) unsigned DEFAULT '0',
  `time_last_fetched` datetime DEFAULT NULL,
  `last_fetched_tweet_id` bigint(20) unsigned DEFAULT NULL,
  `last_fetched_tweet_count` tinyint(3) unsigned DEFAULT NULL,
  `when_created` datetime DEFAULT NULL,
  PRIMARY KEY (`id`),
  UNIQUE KEY `term_UNIQUE` (`term`)
) ENGINE=InnoDB  DEFAULT CHARSET=utf8mb4 AUTO_INCREMENT=7 ;

--
-- Daten für Tabelle `search_terms`
--

INSERT INTO `search_terms` (`id`, `term`, `active`, `current_start`, `old_start`, `interval_length`, `priority`, `time_last_fetched`, `last_fetched_tweet_id`, `last_fetched_tweet_count`, `when_created`) VALUES
(1, 'snowden', 1, '2013-12-05 14:15:55', NULL, '00:15:00', 0, '2013-12-05 14:16:15', 408384182499696640, 99, '2013-12-05 14:15:55'),
(2, 'merkel', 1, '2013-12-05 14:15:55', NULL, '00:15:00', 0, '2013-12-05 14:16:17', 408367152362975232, 100, '2013-12-05 14:15:55'),
(3, 'korea', 1, '2013-12-05 14:15:55', NULL, '00:15:00', 0, '2013-12-05 14:16:18', 408384364150403072, 99, '2013-12-05 14:15:55'),
(4, 'wurst', 1, '2013-12-05 14:15:55', NULL, '00:15:00', 0, '2013-12-05 14:16:19', 408356578107334656, 86, '2013-12-05 14:15:55'),
(6, 'testentry', 0, '2011-12-05 06:12:43', '2011-12-04 17:36:43', '01:00:00', 1, '2011-12-07 10:46:49', NULL, 12, '2011-12-05 06:12:43'),
(7, 'duration25', 1, '2013-12-05 14:15:55', '2013-12-05 14:15:55', '25:15:00', 0, NULL, NULL, 86, '2013-12-05 14:15:55');

-- --------------------------------------------------------

--
-- Tabellenstruktur für Tabelle `tweets`
--

CREATE TABLE IF NOT EXISTS `tweets` (
  `id` bigint(20) unsigned NOT NULL,
  `coordinates_longitude` float DEFAULT NULL,
  `coordinates_latitude` float DEFAULT NULL,
  `users_id` bigint(20) unsigned NOT NULL,
  `is_retweet_of_id` bigint(20) unsigned DEFAULT NULL,
  `created_at` datetime NOT NULL,
  `source` tinytext,
  `text` varchar(280) NOT NULL,
  `iso_language_code` varchar(3) DEFAULT NULL,
  `retweet_count` int(11) NOT NULL,
  `sentiment` float DEFAULT NULL,
  `sentiment_human_label` float DEFAULT NULL,
  `is_reply_to_status_id` bigint(20) unsigned DEFAULT NULL,
  PRIMARY KEY (`id`),
  KEY `fk_tweets_users1_idx` (`users_id`),
  KEY `fk_tweets_tweets2_idx` (`is_retweet_of_id`)
) ENGINE=InnoDB DEFAULT CHARSET=utf8mb4;

--
-- Daten für Tabelle `tweets`
--

INSERT INTO `tweets` (`id`, `coordinates_longitude`, `coordinates_latitude`, `users_id`, `is_retweet_of_id`, `created_at`, `source`, `text`, `iso_language_code`, `retweet_count`, `sentiment`, `sentiment_human_label`, `is_reply_to_status_id`) VALUES
(378065271002382336, NULL, NULL, 18612611, NULL, '2013-09-12 09:59:19', 'web', 'Merkel hükümeti Fransa örne?inden yol ç?karak do?um oranlar?n? art?rmak için ailelere 200 milyar € yard?m bütçesi ay?rd?. +', 'tr', 1, NULL, NULL, NULL),
(393755616952737793, NULL, NULL, 1391773488, NULL, '2013-10-25 17:07:09', '<a href="http://twitter.com/download/iphone" rel="nofollow">Twitter for iPhone</a>', '—Rajoy: Cuelga tu.\n\n—Merkel: No, tu.\n\n—Rajoy: No gordi, cuelga tu.\n\n—Merkel: Que no tonto, cuelga tu.\n\n—Obama: ¡COLGAD YA HOSTIA!', 'es', 10924, NULL, NULL, NULL),
(395908486778740737, NULL, NULL, 16076032, NULL, '2013-10-31 14:41:53', 'web', 'NYT, quoting official on NSA "they suck up every phone number they can in Germany"  http://t.co/zTeG79JuGd', 'en', 139, -1, -1, NULL),
(396257894644998146, NULL, NULL, 2163764826, NULL, '2013-11-01 13:50:18', '<a href="http://twitter.com/download/android" rel="nofollow">Twitter for Android</a>', 'Teechur: ur owta cuntrol draek, DETENSHUN\n\nMe: wut can i sey, am om mi wurst behaviur\n\nTeechur: am gettn reel sik of ur shit draek', 'en', 1283, -1, NULL, NULL),
(397903424030658560, NULL, NULL, 239258323, NULL, '2013-11-06 02:49:03', 'web', '[??? ????? ???? | ???? ??? 2? ???] ?? ?? ??? ?????? ?????? ?? ???? ????? ??? ??? ?????? ????? http://t.co/eXQFQqGGPL  http://t.co/Zv9x2ybY80', 'ko', 42, NULL, NULL, NULL),
(400273699997097984, NULL, NULL, 333454592, NULL, '2013-11-12 15:47:41', '<a href="http://twitter.com/download/android" rel="nofollow">Twitter for Android</a>', 'Hahahahahahahaha !!! "@Gotham3: Absolutely shocking!! Leaked photo proof of Barack Obama spying on Angela Merkel. http://t.co/kHNxfUvr7T"', 'en', 9, -1, 0, NULL),
(402185754711187456, NULL, NULL, 565780036, NULL, '2013-11-17 22:25:30', '<a href="http://twitter.com/download/iphone" rel="nofollow">Twitter for iPhone</a>', '"nigger" -Paula Dean', 'en', 3913, 0, -1, NULL),
(402330498766475264, NULL, NULL, 558581091, NULL, '2013-11-18 08:00:40', '<a href="http://www.hootsuite.com" rel="nofollow">HootSuite</a>', 'Mimpiku tahun ini ke KOREA! Wah, pas banget Mizzi, Izzi bagi2 tiket gratis ke KOREA lho. Cek infonya di http://t.co/l5GSuA1VvY', 'in', 512, NULL, NULL, NULL),
(404403413586546688, NULL, NULL, 565780036, NULL, '2013-11-24 01:17:41', '<a href="http://twitter.com/download/iphone" rel="nofollow">Twitter for iPhone</a>', '"Free my niggas" - Abraham Lincoln', 'en', 4141, 0, NULL, NULL),
(405745137487052800, NULL, NULL, 20279424, NULL, '2013-11-27 18:09:13', 'web', 'Never my phone: http://t.co/1tjsEYQqGD', 'en', 124, 0, NULL, NULL),
(406543760894345216, NULL, NULL, 2163764826, NULL, '2013-11-29 23:02:40', '<a href="http://twitter.com/download/iphone" rel="nofollow">Twitter for iPhone</a>', 'rt if ur on ur wurst behavior', 'en', 1832, 0, NULL, NULL),
(406707623166095360, NULL, NULL, 1409268511, NULL, '2013-11-30 09:53:48', '<a href="http://twitter.com/download/iphone" rel="nofollow">Twitter for iPhone</a>', 'Ill hav u no ive shotguned 14 rgedbols nd snorted 3 liens of addy in 5 minuets\n\nStill think am teh wurst playir on opdik?', 'en', 2, 0, NULL, NULL),
(407079984344223746, NULL, NULL, 63437440, NULL, '2013-12-01 10:33:26', '<a href="http://twtkr.com" rel="nofollow">twtkr for iPhone</a>', '?? ?? ''??''! RT @chaje012: ??? ???? ??? ????... S.Korea & N.Korea http://t.co/Zf81vJ4dsm', 'ko', 381, NULL, NULL, 406627327884283904),
(407594630985707521, NULL, NULL, 84351228, NULL, '2013-12-02 20:38:27', '<a href="http://twitter.com/tweetbutton" rel="nofollow">Tweet Button</a>', 'NSA files decoded: Edward Snowden''s surveillance revelations explained http://t.co/1h6SC40oSB via @guardian (with #wizardpictures!)', 'en', 119, 0, NULL, NULL),
(407791946846175232, 51.4658, -0.0532614, 288978349, NULL, '2013-12-03 09:42:31', '<a href="http://twitter.com/download/iphone" rel="nofollow">Twitter for iPhone</a>', 'Sgt Knight won the POR''s only VC for an attack on two farms at Wurst Farm Ridge. I''m pretty sure I found the spot. http://t.co/KjvzsAW9Lt', 'en', 3, 1, NULL, NULL),
(407824393868677120, NULL, NULL, 425243419, NULL, '2013-12-03 11:51:27', '<a href="http://twitter.com/download/iphone" rel="nofollow">Twitter for iPhone</a>', 'North and South Korea are sorting out their problems with a game of Yu-Gi-Oh cards! http://t.co/kxpLk3u7iv', 'en', 5, -1, NULL, NULL),
(408185741752012800, NULL, NULL, 1598704231, NULL, '2013-12-04 11:47:19', '<a href="http://patriotjournalist.com" rel="nofollow">PatriotJournalist</a>', '#FFRNN #CLASSROOM  #Snowden reveals HAARP''s Global Assassination Agenda  http://t.co/tTDlnUOjmH', 'en', 5, 0, NULL, NULL),
(408192659505700864, NULL, NULL, 30885814, NULL, '2013-12-04 12:14:48', 'web', 'If you can''t handle me at my worst, you don''t deserve me handling your wurst. \n\nFuck it, send.', 'en', 43, -1, NULL, NULL),
(408212665970851840, NULL, NULL, 16076032, NULL, '2013-12-04 13:34:18', 'web', 'Foreign Policy names its Top 100 Global Thinkers of 2013 - first on the list: Edward Snowden  https://t.co/iWgRpdJxCf  #JailHim', 'en', 207, 1, NULL, NULL),
(408224500187021313, NULL, NULL, 64648619, NULL, '2013-12-04 14:21:19', 'web', 'G-Dragon Leaving Osaka and Arriving in Korea (131204) [PHOTO] http://t.co/AVrCVvRDwe', 'en', 39, 0, NULL, NULL),
(408239787363934208, NULL, NULL, 217388162, NULL, '2013-12-04 15:22:04', 'web', '"the piano baekhyun played in the mv costs 200 million won and it''s the only one in korea"\n\nWHAT?\n\nreally ? yayy sm finally used their money', 'en', 46, 1, NULL, NULL),
(408245605535072256, NULL, NULL, 59178541, NULL, '2013-12-04 15:45:11', '<a href="http://www.myplume.com/" rel="nofollow">Plume for Android</a>', 'Wenn die #ComputerBild das Anti-#NSA Paket anpreist, glaube ich dem so, wie Angela Merkel wenn sie sagt, dass es mit ihr keine #Maut gibt.', 'de', 2, NULL, NULL, NULL),
(408251011015249920, NULL, NULL, 19534873, NULL, '2013-12-04 16:06:40', '<a href="https://about.twitter.com/products/tweetdeck" rel="nofollow">TweetDeck</a>', 'NYT story abt MP''s inquistion of Guardian: http://t.co/e4faCnkcMh and here is @GreensladeR : http://t.co/y7fpzObQ3d #NSA', 'en', 52, 0, NULL, NULL),
(408256815894253568, NULL, NULL, 1331956104, NULL, '2013-12-04 16:29:44', '<a href="http://twitter.com/download/android" rel="nofollow">Twitter for Android</a>', '?? ???? ???????? ????;;;;;;??????;;;;;??? ??? ?????..????????..??....????..?..??;;;; http://t.co/WFoZB7nvjr', 'ko', 775, NULL, NULL, NULL),
(408273094675951616, NULL, NULL, 56363220, NULL, '2013-12-04 17:34:25', 'web', 'Come out to Worthen tonight at 7 for Ugly Holiday Sweater Night as @BallStateMBB takes on Valpo! See you tonight! #ChirpChirp', 'en', 13, -1, NULL, NULL),
(408279815046053889, NULL, NULL, 1028177244, NULL, '2013-12-04 18:01:08', '<a href="http://twitter.com/#!/download/ipad" rel="nofollow">Twitter for iPad</a>', '@Bunt_und_billig"Habe nicht auf der Straße Flyer verteilt, damit wir jetzt mit Merkel GroKo machen".SPD besteht wohl nur noch aus Heulsusen.', 'de', 1, NULL, NULL, 408187224346226688),
(408310127926599680, NULL, NULL, 2834511, NULL, '2013-12-04 20:01:35', '<a href="https://about.twitter.com/products/tweetdeck" rel="nofollow">TweetDeck</a>', 'Radelt Merkel bald von A nach B? Dem Chauffeurdienst des Bundestags droht Insolvenz, doch Grüne haben eine Idee http://t.co/HqhhfXvJVd (red)', 'de', 10, NULL, NULL, NULL),
(408327959855255553, NULL, NULL, 600337886, NULL, '2013-12-04 21:12:26', '<a href="http://twitter.com/#!/download/ipad" rel="nofollow">Twitter for iPad</a>', 'Merkel: „Altenpfleger haben einen härteren Job als ich!“\n\nUnd warum werden Pflegekräfte dann so beschissen bezahlt? Erklären Sie mal!', 'de', 48, NULL, NULL, NULL),
(408328483375304704, NULL, NULL, 288116382, NULL, '2013-12-04 21:14:31', '<a href="http://twittbot.net/" rel="nofollow">twittbot.net</a>', '[PO s/d 10 Des] Suka Korea Blm lengkap kalau blom punya korean gloves,di cek ya gambarnya, Order Now :) http://t.co/ieafR9W3f9', 'in', 2, NULL, NULL, NULL),
(408331491803136001, NULL, NULL, 6017542, NULL, '2013-12-04 21:26:28', '<a href="http://www.breakingnews.com" rel="nofollow">breakingnews.com</a>', 'NSA gathering nearly 5 billion records a day on the whereabouts of cellphones around the world - @washingtonpost http://t.co/SJM0ONCWu0', 'en', 364, 0, NULL, NULL),
(408333062603563010, NULL, NULL, 437627160, NULL, '2013-12-04 21:32:43', '<a href="http://www.apple.com" rel="nofollow">Safari on iOS</a>', '#NSA tracking cellphone locations worldwide, #Snowden docs show. http://t.co/eR9oD7ib4B', 'en', 13, 0, NULL, NULL),
(408333960746254337, NULL, NULL, 15052671, NULL, '2013-12-04 21:36:17', 'web', 'Fuckin'' adorabs: NSA uses a tool called CO-TRAVELER to track cell locations. It''s like they''re right there with ya! http://t.co/IxrObWqGA6', 'en', 25, 1, NULL, NULL),
(408334109048451072, NULL, NULL, 15052671, NULL, '2013-12-04 21:36:52', 'web', '"The govnt is tracking people from afar into confidential business meetings or personal visits to medical facilities" http://t.co/IxrObWqGA6', 'en', 12, 0, NULL, NULL),
(408334695970381824, NULL, NULL, 117543420, NULL, '2013-12-04 21:39:12', '<a href="http://www.hootsuite.com" rel="nofollow">HootSuite</a>', 'NEW: NSA is bulk-collecting cell phone locations on a global scale. http://t.co/VLGjTic0ub With @ashk4n', 'en', 90, 0, NULL, NULL),
(408336992733118465, NULL, NULL, 24500377, NULL, '2013-12-04 21:48:20', 'web', 'You know how your cell phone is really a tracking device? Well, turns out your cell phone is really a tracking device http://t.co/hYfCHTBP3G', 'en', 38, 1, NULL, NULL),
(408338718605332481, NULL, NULL, 4816, NULL, '2013-12-04 21:55:11', '<a href="https://www.eff.org/" rel="nofollow">Thingie</a>', 'BREAKING: NSA is tracking cellphone locations worldwide in a database containing hundreds of millions of devices. https://t.co/BRIl4lbdhA', 'en', 821, -1, NULL, NULL),
(408340594637799425, NULL, NULL, 12063172, NULL, '2013-12-04 22:02:39', '<a href="http://twitter.com/tweetbutton" rel="nofollow">Tweet Button</a>', '5 billions per day: NSA tracking cellphone locations worldwide, Snowden documents show http://t.co/FPmE4ptT84', 'en', 36, 0, NULL, NULL),
(408344339484774401, NULL, NULL, 79281646, NULL, '2013-12-04 22:17:31', '<a href="http://twitter.com/download/iphone" rel="nofollow">Twitter for iPhone</a>', 'Asscher ziet mogelijk bondgenoot in Cameron. Rutte gaat voor Verhofstadt. Straks gaat Roemer nog voor Merkel.', 'nl', 10, NULL, NULL, NULL),
(408347632680321024, NULL, NULL, 72530705, NULL, '2013-12-04 22:30:37', '<a href="http://tapbots.com/tweetbot" rel="nofollow">Tweetbot for iOS</a>', 'Wurst ist für Leute die Wurst mögen', 'de', 2, NULL, NULL, NULL),
(408348343601885184, NULL, NULL, 7794552, NULL, '2013-12-04 22:33:26', '<a href="http://tapbots.com/tweetbot" rel="nofollow">Tweetbot for iOS</a>', 'This is scary. If you have a cell phone, the NSA knows where you are, where you’ve been, & with whom you cross paths. http://t.co/kUwt9CjMj1', 'en', 13, -1, NULL, NULL),
(408353159900184576, NULL, NULL, 1879108838, NULL, '2013-12-04 22:52:34', 'web', '@germanforall Isn''t it about time we learnt that German jokes are the #wurst - New #Blog about #TheGermans http://t.co/yWVpGCNiVq', 'en', 1, 0, NULL, NULL),
(408354340991016961, NULL, NULL, 132789601, NULL, '2013-12-04 22:57:16', '<a href="http://twitter.com/tweetbutton" rel="nofollow">Tweet Button</a>', '[NEWS VID] ?ZE:A, First solo concert "illusionist" in Korea ?: http://t.co/YNR7rS15DA via @youtube [Cr:STARNEWS KOREA]', 'en', 1, 0, NULL, NULL),
(408354353247170560, NULL, NULL, 91851207, NULL, '2013-12-04 22:57:19', '<a href="http://www.myplume.com/" rel="nofollow">Plume for Android</a>', 'De NSA verzamelt dagelijks de locatiegegevens van miljoenen mobiele telefoons wereldwijd. http://t.co/s4qTNw1tGo” via @WolterKarss ', 'nl', 5, NULL, NULL, 408352876592136192),
(408356578107334656, NULL, NULL, 1477523647, NULL, '2013-12-04 23:06:09', '<a href="http://blackberry.com/twitter" rel="nofollow">Twitter for BlackBerry®</a>', 'Lul @joshMUFCnorton ur teem is shit and has probabli teh wurst fans in teh leege', 'en', 0, 0, NULL, NULL),
(408356847503290368, NULL, NULL, 560459733, NULL, '2013-12-04 23:07:14', '<a href="http://twitter.com/download/iphone" rel="nofollow">Twitter for iPhone</a>', '“@SamyKadeera: Lul @joshMUFCnorton ur teem is shit and has probabli teh wurst fans in teh leege” ?', 'en', 1, 0, NULL, 408356578107334656),
(408356936602910720, NULL, NULL, 1477523647, 408356847503290368, '2013-12-04 23:07:35', '<a href="http://blackberry.com/twitter" rel="nofollow">Twitter for BlackBerry®</a>', 'RT @joshMUFCnorton: “@SamyKadeera: Lul @joshMUFCnorton ur teem is shit and has probabli teh wurst fans in teh leege” ?', 'en', 1, 0, NULL, NULL),
(408357016479236096, NULL, NULL, 91851207, NULL, '2013-12-04 23:07:54', '<a href="http://www.myplume.com/" rel="nofollow">Plume for Android</a>', 'De NSA krijgt de locatiegegevens van mobiele telefoons wereldwijd via medewerking van enkele telecomproviders. http://t.co/s4qTNw1tGo', 'nl', 3, NULL, NULL, NULL),
(408357180425768961, NULL, NULL, 1115088871, NULL, '2013-12-04 23:08:33', 'web', 'On va aussi le baiser votre Real ! Özil aura sa vengeance il va vous la mettre profond sa Wurst (a) :P', 'fr', 0, NULL, NULL, NULL),
(408358428277739520, NULL, NULL, 753870150, 406543760894345216, '2013-12-04 23:13:30', '<a href="http://twitter.com/download/iphone" rel="nofollow">Twitter for iPhone</a>', 'RT @AmDrizziDraek: rt if ur on ur wurst behavior', 'en', 1832, 0, NULL, NULL),
(408358460041211904, NULL, NULL, 134942608, 406543760894345216, '2013-12-04 23:13:38', '<a href="http://twitter.com" rel="nofollow">Twitter Web Client</a>', 'RT @AmDrizziDraek: rt if ur on ur wurst behavior', 'en', 1832, 0, NULL, NULL),
(408358504445915137, NULL, NULL, 252885454, 406543760894345216, '2013-12-04 23:13:49', '<a href="http://twitter.com/download/iphone" rel="nofollow">Twitter for iPhone</a>', 'RT @AmDrizziDraek: rt if ur on ur wurst behavior', 'en', 1832, 0, NULL, NULL),
(408358547920289792, NULL, NULL, 751650829, 406543760894345216, '2013-12-04 23:13:59', '<a href="http://twitter.com" rel="nofollow">Twitter Web Client</a>', 'RT @AmDrizziDraek: rt if ur on ur wurst behavior', 'en', 1832, 0, NULL, NULL),
(408358620418416640, NULL, NULL, 14046504, NULL, '2013-12-04 23:14:16', '<a href="https://about.twitter.com/products/tweetdeck" rel="nofollow">TweetDeck</a>', 'Edward Snowden is the official Person of the Year for this particular Twitter feed.', 'en', 12, 0, NULL, NULL),
(408358647908286464, NULL, NULL, 322325818, NULL, '2013-12-04 23:14:23', '<a href="http://twitter.com/download/iphone" rel="nofollow">Twitter for iPhone</a>', '“@AmDrizziDraek: rt if ur on ur wurst behavior”?', 'en', 0, 0, NULL, 406543760894345216),
(408358843559579650, NULL, NULL, 1355550756, 406543760894345216, '2013-12-04 23:15:09', '<a href="http://twitter.com/download/iphone" rel="nofollow">Twitter for iPhone</a>', 'RT @AmDrizziDraek: rt if ur on ur wurst behavior', 'en', 1832, 0, NULL, NULL),
(408358893798952960, NULL, NULL, 463607102, 406543760894345216, '2013-12-04 23:15:21', '<a href="http://twitter.com/download/android" rel="nofollow">Twitter for Android</a>', 'RT @AmDrizziDraek: rt if ur on ur wurst behavior', 'en', 1832, 0, NULL, NULL),
(408358901126823937, NULL, NULL, 550010708, NULL, '2013-12-04 23:15:23', '<a href="http://twitter.com/download/iphone" rel="nofollow">Twitter for iPhone</a>', 'Breaking: NSA tracking location on huge number cellphones worldwide. Welcome to the digital panopticon. Can you hide? http://t.co/Yv9wKwT0dj', 'en', 74, 0, NULL, NULL),
(408358936052760577, NULL, NULL, 2169261399, 406543760894345216, '2013-12-04 23:15:31', '<a href="http://twitter.com/download/android" rel="nofollow">Twitter for Android</a>', 'RT @AmDrizziDraek: rt if ur on ur wurst behavior', 'en', 1832, 0, NULL, NULL),
(408358963550621696, NULL, NULL, 903004933, 406543760894345216, '2013-12-04 23:15:38', '<a href="http://twitter.com/download/iphone" rel="nofollow">Twitter for iPhone</a>', 'RT @AmDrizziDraek: rt if ur on ur wurst behavior', 'en', 1832, 0, NULL, NULL),
(408358984945778688, NULL, NULL, 363695853, 406543760894345216, '2013-12-04 23:15:43', '<a href="http://twitter.com/download/iphone" rel="nofollow">Twitter for iPhone</a>', 'RT @AmDrizziDraek: rt if ur on ur wurst behavior', 'en', 1832, 0, NULL, NULL),
(408359168215875584, NULL, NULL, 57872713, 406543760894345216, '2013-12-04 23:16:27', '<a href="http://twitter.com/download/iphone" rel="nofollow">Twitter for iPhone</a>', 'RT @AmDrizziDraek: rt if ur on ur wurst behavior', 'en', 1832, 0, NULL, NULL),
(408359424080633856, NULL, NULL, 495464885, NULL, '2013-12-04 23:17:28', '<a href="https://about.twitter.com/products/tweetdeck" rel="nofollow">TweetDeck</a>', 'Breaking: The U.S. is gathering 5,000,000,000 records per day on locations of cellphones around the world http://t.co/ZyNO9d52pJ', 'en', 31, -1, NULL, NULL),
(408359565093134336, NULL, NULL, 1477523647, NULL, '2013-12-04 23:18:01', 'web', '@ManUtd lul ur fukin shit and have the wurst fans in the leege', 'en', 0, 0, NULL, 408359218383577089),
(408359774527303680, NULL, NULL, 506634918, 406543760894345216, '2013-12-04 23:18:51', '<a href="http://twitter.com/download/iphone" rel="nofollow">Twitter for iPhone</a>', 'RT @AmDrizziDraek: rt if ur on ur wurst behavior', 'en', 1832, 0, NULL, NULL),
(408359815615111168, NULL, NULL, 42260177, NULL, '2013-12-04 23:19:01', '<a href="http://itunes.apple.com/us/app/twitter/id409789998?mt=12" rel="nofollow">Twitter for Mac</a>', 'Kalan %57 tahvil de bölük pörçük, sa?da solda, özel banka, merkez bankalar?nda, Draghi''nin yata??n?n alt?nda, Merkel''in mutfak dolab?nda vs', 'tr', 8, NULL, NULL, NULL),
(408360019185643520, NULL, NULL, 415719423, 406543760894345216, '2013-12-04 23:19:50', '<a href="http://twitter.com/download/iphone" rel="nofollow">Twitter for iPhone</a>', 'RT @AmDrizziDraek: rt if ur on ur wurst behavior', 'en', 1832, 0, NULL, NULL),
(408360119848558592, NULL, NULL, 539476196, NULL, '2013-12-04 23:20:14', '<a href="http://twitter.com/download/iphone" rel="nofollow">Twitter for iPhone</a>', 'Wanna hear a sausage joke?\n\nNever mind, those are the "wurst"', 'en', 0, -1, NULL, NULL),
(408360234168877056, NULL, NULL, 48460604, 406543760894345216, '2013-12-04 23:20:41', '<a href="http://twitter.com/download/iphone" rel="nofollow">Twitter for iPhone</a>', 'RT @AmDrizziDraek: rt if ur on ur wurst behavior', 'en', 1832, 0, NULL, NULL),
(408360350879592448, NULL, NULL, 24992817, 406543760894345216, '2013-12-04 23:21:09', '<a href="http://www.echofon.com/" rel="nofollow">Echofon</a>', 'RT @AmDrizziDraek: rt if ur on ur wurst behavior', 'en', 1832, 0, NULL, NULL),
(408360820037267456, NULL, NULL, 22347131, NULL, '2013-12-04 23:23:01', 'web', '@frazbelina My friends have a theory that the more beard or bigger hat Olyphant has, the better the film/show. Hence Hitman = wurst', 'en', 0, 1, NULL, 408360513819930624),
(408360821366870016, NULL, NULL, 1228970234, 406543760894345216, '2013-12-04 23:23:01', '<a href="http://twitter.com/download/iphone" rel="nofollow">Twitter for iPhone</a>', 'RT @AmDrizziDraek: rt if ur on ur wurst behavior', 'en', 1832, 0, NULL, NULL),
(408361199706075136, NULL, NULL, 917894803, 406543760894345216, '2013-12-04 23:24:31', '<a href="http://twitter.com/download/iphone" rel="nofollow">Twitter for iPhone</a>', 'RT @AmDrizziDraek: rt if ur on ur wurst behavior', 'en', 1832, 0, NULL, NULL),
(408361393419976704, NULL, NULL, 831894528, 406543760894345216, '2013-12-04 23:25:17', '<a href="http://twitter.com/download/android" rel="nofollow">Twitter for Android</a>', 'RT @AmDrizziDraek: rt if ur on ur wurst behavior', 'en', 1832, 0, NULL, NULL),
(408361405579280384, NULL, NULL, 43366867, NULL, '2013-12-04 23:25:20', '<a href="http://twitter.com/download/iphone" rel="nofollow">Twitter for iPhone</a>', '@Kate_Wurst SAME FEELS BRO', 'en', 0, 0, NULL, 408360157261742080),
(408361566883827712, NULL, NULL, 165545302, 406543760894345216, '2013-12-04 23:25:59', '<a href="http://twitter.com/download/iphone" rel="nofollow">Twitter for iPhone</a>', 'RT @AmDrizziDraek: rt if ur on ur wurst behavior', 'en', 1832, 0, NULL, NULL),
(408361623917977600, NULL, NULL, 337814347, 406543760894345216, '2013-12-04 23:26:12', '<a href="http://twitter.com" rel="nofollow">Twitter Web Client</a>', 'RT @AmDrizziDraek: rt if ur on ur wurst behavior', 'en', 1832, 0, NULL, NULL),
(408361745141739520, NULL, NULL, 1467209888, 406543760894345216, '2013-12-04 23:26:41', '<a href="http://twitter.com/download/android" rel="nofollow">Twitter for Android</a>', 'RT @AmDrizziDraek: rt if ur on ur wurst behavior', 'en', 1832, 0, NULL, NULL),
(408362029724860417, NULL, NULL, 926547530, 406543760894345216, '2013-12-04 23:27:49', '<a href="http://twitter.com/download/iphone" rel="nofollow">Twitter for iPhone</a>', 'RT @AmDrizziDraek: rt if ur on ur wurst behavior', 'en', 1832, 0, NULL, NULL),
(408362048398315520, NULL, NULL, 15351435, 408347632680321024, '2013-12-04 23:27:54', '<a href="http://tapbots.com/tweetbot" rel="nofollow">Tweetbot for iOS</a>', 'RT @quitzi: Wurst ist für Leute die Wurst mögen', 'de', 2, NULL, NULL, NULL),
(408362209321168896, NULL, NULL, 132291759, 406543760894345216, '2013-12-04 23:28:32', '<a href="http://twitter.com/download/iphone" rel="nofollow">Twitter for iPhone</a>', 'RT @AmDrizziDraek: rt if ur on ur wurst behavior', 'en', 1832, 0, NULL, NULL),
(408362316049432576, NULL, NULL, 403466148, NULL, '2013-12-04 23:28:57', '<a href="http://twitter.com/download/iphone" rel="nofollow">Twitter for iPhone</a>', '@ChamomilesDavis the best at beng the wurst', 'en', 0, 1, NULL, 408361346078474240),
(408362379777699840, NULL, NULL, 67936608, 408347632680321024, '2013-12-04 23:29:13', '<a href="http://getfalcon.pro" rel="nofollow">Falcon Pro</a>', 'RT @quitzi: Wurst ist für Leute die Wurst mögen', 'de', 2, NULL, NULL, NULL),
(408362455857782784, NULL, NULL, 722896122, NULL, '2013-12-04 23:29:31', 'web', 'Jokes about German sausages are the wurst', 'en', 0, 0, NULL, NULL),
(408362682513756161, NULL, NULL, 285535610, NULL, '2013-12-04 23:30:25', '<a href="http://twitter.com/download/iphone" rel="nofollow">Twitter for iPhone</a>', 'EXO -The piano baekhyun played in the mv costs 200 million won ($188,501) and it''s the only one in korea. http://t.co/nsOquRgkgS', 'en', 50, 1, NULL, NULL),
(408362683826982913, NULL, NULL, 14618956, NULL, '2013-12-04 23:30:25', '<a href="http://twitter.com/download/android" rel="nofollow">Twitter for Android</a>', 'Thats what "just #metadata" looks like http://t.co/msInSye4L9 #nsa spies on hundred million mobile phones worldwide http://t.co/QrGMPG40YQ', 'en', 8, 1, NULL, NULL),
(408362903734341632, NULL, NULL, 1974837745, 406543760894345216, '2013-12-04 23:31:17', '<a href="http://twitter.com/download/iphone" rel="nofollow">Twitter for iPhone</a>', 'RT @AmDrizziDraek: rt if ur on ur wurst behavior', 'en', 1832, 0, NULL, NULL),
(408362973632421888, NULL, NULL, 1594805798, 406543760894345216, '2013-12-04 23:31:34', '<a href="http://twitter.com/download/iphone" rel="nofollow">Twitter for iPhone</a>', 'RT @AmDrizziDraek: rt if ur on ur wurst behavior', 'en', 1832, 0, NULL, NULL),
(408363004720607233, NULL, NULL, 1602078200, 406543760894345216, '2013-12-04 23:31:42', '<a href="https://twitter.com/download/android" rel="nofollow">Twitter for  Android</a>', 'RT @AmDrizziDraek: rt if ur on ur wurst behavior', 'en', 1832, 0, NULL, NULL),
(408363054494408704, NULL, NULL, 1055556031, 406543760894345216, '2013-12-04 23:31:53', '<a href="http://twitter.com" rel="nofollow">Twitter Web Client</a>', 'RT @AmDrizziDraek: rt if ur on ur wurst behavior', 'en', 1832, 0, NULL, NULL),
(408363169443512320, NULL, NULL, 173970041, NULL, '2013-12-04 23:32:21', '<a href="http://twitter.com/download/iphone" rel="nofollow">Twitter for iPhone</a>', 'PAPERZ R THA WURST I H8 SKOOL', 'en', 0, 0, NULL, NULL),
(408363186388099072, NULL, NULL, 399577207, NULL, '2013-12-04 23:32:25', '<a href="http://twitter.com/download/iphone" rel="nofollow">Twitter for iPhone</a>', 'Our lives are incredibly rough....@Hanna_Merkel http://t.co/BtvnxUEaz7', 'en', 1, 0, NULL, NULL),
(408364588280057858, NULL, NULL, 88793057, NULL, '2013-12-04 23:37:59', '<a href="http://instagram.com" rel="nofollow">Instagram</a>', 'Me tucking into some German sausage! Aren''t I just the wurst...boom boom #punny #pun #winter #wonderland http://t.co/tLAcP67u9Q', 'en', 0, 1, NULL, NULL),
(408364713857544192, NULL, NULL, 279390084, NULL, '2013-12-04 23:38:29', '<a href="http://twitter.com/#!/download/ipad" rel="nofollow">Twitter for iPad</a>', 'Breaking: Snowdon docs show NSA is tracking locations on huge number of cellphones worldwide http://t.co/KhTBo8M382', 'en', 131, -1, NULL, NULL),
(408364752591532032, NULL, NULL, 403495123, 406543760894345216, '2013-12-04 23:38:38', '<a href="http://twitter.com/download/iphone" rel="nofollow">Twitter for iPhone</a>', 'RT @AmDrizziDraek: rt if ur on ur wurst behavior', 'en', 1832, 0, NULL, NULL),
(408364816466579456, NULL, NULL, 256968470, NULL, '2013-12-04 23:38:53', '<a href="http://twitter.com/download/iphone" rel="nofollow">Twitter for iPhone</a>', '????BBQ???\nPSY????????????? http://t.co/9ZhT45ctfB', 'ja', 0, NULL, NULL, NULL),
(408365025015787521, NULL, NULL, 256968470, NULL, '2013-12-04 23:39:43', '<a href="http://twitter.com/download/iphone" rel="nofollow">Twitter for iPhone</a>', '????????? http://t.co/JQUi82vZGt', 'ja', 0, NULL, NULL, NULL),
(408365095560171520, NULL, NULL, 1096745797, 396257894644998146, '2013-12-04 23:40:00', '<a href="http://twitter.com/download/iphone" rel="nofollow">Twitter for iPhone</a>', 'RT @AmDrizziDraek: Teechur: ur owta cuntrol draek, DETENSHUN\n\nMe: wut can i sey, am om mi wurst behaviur\n\nTeechur: am gettn reel sik of ur …', 'en', 1283, 0, NULL, NULL),
(408365109518430209, NULL, NULL, 107224636, NULL, '2013-12-04 23:40:03', 'web', '@Kate_Wurst Hahaha I''m cleaning out my tweets and I had retweeted it in August! :P', 'en', 0, 0, NULL, 408364952865349632),
(408365213914652672, NULL, NULL, 107224636, NULL, '2013-12-04 23:40:28', 'web', '@Kate_Wurst IT''S NOT WHAT IT LOOKS LIKE HAHAHAHAHAH', 'en', 0, 1, NULL, 408365109518430209),
(408365433369030656, NULL, NULL, 256968470, NULL, '2013-12-04 23:41:21', '<a href="http://twitter.com/download/iphone" rel="nofollow">Twitter for iPhone</a>', '@MiNA_0909_ ?????????????????????????????? ????????', 'ja', 0, NULL, NULL, 408160835236683776),
(408365461357596673, NULL, NULL, 256968470, NULL, '2013-12-04 23:41:27', '<a href="http://twitter.com/download/iphone" rel="nofollow">Twitter for iPhone</a>', '@MiNA_0909_ ????????', 'ja', 0, NULL, NULL, 408161040568811520),
(408365562108973056, NULL, NULL, 256968470, NULL, '2013-12-04 23:41:51', '<a href="http://twitter.com/download/iphone" rel="nofollow">Twitter for iPhone</a>', '@imluzzz ????????????????? ??????????', 'ja', 0, NULL, NULL, 408174503328370688),
(408365903089106945, NULL, NULL, 16589206, NULL, '2013-12-04 23:43:13', 'web', 'NSA tracks 5 billion cellphone locations per day, world wide | WaPo\nhttp://t.co/FD6vZu2yqY More: http://t.co/c3QEeVTE8y #snowden', 'en', 295, 0, NULL, NULL),
(408366346393894912, NULL, NULL, 7111232, NULL, '2013-12-04 23:44:58', '<a href="http://itunes.apple.com/us/app/twitter/id409789998?mt=12" rel="nofollow">Twitter for Mac</a>', 'L''NSA traccia 5 miliardi di posizioni di telefonini nel mondo. AL GIORNO. Inutile spegnere GPS http://t.co/uXWQ7LicqS', 'it', 79, NULL, NULL, NULL),
(408366722094485505, NULL, NULL, 291154090, 406543760894345216, '2013-12-04 23:46:28', '<a href="http://twitter.com" rel="nofollow">Twitter Web Client</a>', 'RT @AmDrizziDraek: rt if ur on ur wurst behavior', 'en', 1832, 0, NULL, NULL),
(408366915082387456, NULL, NULL, 363927126, 406543760894345216, '2013-12-04 23:47:14', '<a href="http://twitter.com/download/iphone" rel="nofollow">Twitter for iPhone</a>', 'RT @AmDrizziDraek: rt if ur on ur wurst behavior', 'en', 1832, 0, NULL, NULL),
(408367011811450880, NULL, NULL, 446363484, 406543760894345216, '2013-12-04 23:47:37', '<a href="http://twitter.com/download/iphone" rel="nofollow">Twitter for iPhone</a>', 'RT @AmDrizziDraek: rt if ur on ur wurst behavior', 'en', 1832, 0, NULL, NULL),
(408367152362975232, NULL, NULL, 579972290, 408279815046053889, '2013-12-04 23:48:10', '<a href="http://blackberry.com/twitter" rel="nofollow">Twitter for BlackBerry®</a>', 'RT @malipeter: @Bunt_und_billig"Habe nicht auf der Straße Flyer verteilt, damit wir jetzt mit Merkel GroKo machen".SPD besteht wohl nur noc…', 'de', 1, NULL, NULL, NULL),
(408367280917975040, NULL, NULL, 133444188, NULL, '2013-12-04 23:48:41', 'web', 'France and Germany are not doing this. Germany to allow those who have worked 45 years retire at 63 not 67 #newsnight http://t.co/jRx03iCaxS', 'en', 0, 1, NULL, NULL),
(408367792900280320, 51.9781, 10.8342, 2162636639, NULL, '2013-12-04 23:50:43', '<a href="http://twitter.com/download/android" rel="nofollow">Twitter for Android</a>', 'SpiegelOnline: NSA greift täglich "milliardenfach" ab. Wie lange noch will Merkel sich als AmiLakei beweisen? Die ist dem Grundgesetz verpfl', 'de', 0, NULL, NULL, NULL),
(408368072462856194, NULL, NULL, 399176213, NULL, '2013-12-04 23:51:50', '<a href="http://twitter.com/download/iphone" rel="nofollow">Twitter for iPhone</a>', 'Really not looking forward to getting my wisdom teeth out Friday', 'en', 0, 1, NULL, NULL),
(408368253119909888, NULL, NULL, 130182730, NULL, '2013-12-04 23:52:33', '<a href="http://twitter.com/download/iphone" rel="nofollow">Twitter for iPhone</a>', '@SMenfurecida mejor avísame cuando te llegue el mensaje de la matrona que os regentea como hetairas, se llama Ángela y se apellida Merkel', 'es', 0, NULL, NULL, 408367014336401409),
(408368474952839169, NULL, NULL, 217770773, 408359815615111168, '2013-12-04 23:53:26', '<a href="http://twitter.com/download/iphone" rel="nofollow">Twitter for iPhone</a>', 'RT @SelimAtalayNY: Kalan %57 tahvil de bölük pörçük, sa?da solda, özel banka, merkez bankalar?nda, Draghi''nin yata??n?n alt?nda, Merkel''in …', 'tr', 8, NULL, NULL, NULL),
(408368608725983232, NULL, NULL, 433789331, NULL, '2013-12-04 23:53:58', '<a href="http://twitter.com/#!/download/ipad" rel="nofollow">Twitter for iPad</a>', '“@HuffPostItalia: #berlusconi: Berlusconi: "Non ho mai dato della culona alla Merkel" \nUno dei grandi temi mondiali che ci angosciavano', 'it', 0, NULL, NULL, 408318459257585664),
(408368664665022464, NULL, NULL, 2175738551, NULL, '2013-12-04 23:54:11', 'web', '??????? ????? ???????? ??????? ??? ??????? http://t.co/DjN95sgdPX', 'ru', 0, NULL, NULL, NULL),
(408368877681528832, 45.5791, 11.0424, 96233686, NULL, '2013-12-04 23:55:02', '<a href="http://twitter.com/download/iphone" rel="nofollow">Twitter for iPhone</a>', '@RossBacc2010 @olivati potere dell'' UE è dato dal fiscal compact firmato prima,Monti anzi ha fatto firmare scudo antispread anche a Merkel', 'it', 1, NULL, NULL, 408368525959389184),
(408368880986251266, NULL, NULL, 42956737, NULL, '2013-12-04 23:55:03', '<a href="http://twitter.com/download/android" rel="nofollow">Twitter for Android</a>', '@Joseph_Merkel I''m always afraid to create a hole and then fill it, but with the cap this is a strong start.', 'en', 0, 0, NULL, 408363215664340992),
(408368985508687874, NULL, NULL, 63168342, 408368877681528832, '2013-12-04 23:55:27', '<a href="https://twitter.com/download/android" rel="nofollow">Twitter for  Android</a>', 'RT @HELY91: @RossBacc2010 @olivati potere dell'' UE è dato dal fiscal compact firmato prima,Monti anzi ha fatto firmare scudo antispread anc…', 'it', 1, NULL, NULL, NULL),
(408369057608372224, NULL, NULL, 166254218, NULL, '2013-12-04 23:55:45', 'web', 'Bier und wurst.', 'de', 0, NULL, NULL, NULL),
(408369078726713344, NULL, NULL, 53471853, NULL, '2013-12-04 23:55:50', '<a href="http://www.google.com/" rel="nofollow">Google</a>', 'Ich habe ein @YouTube-Video positiv bewertet: http://t.co/SUBACE3bMX "Deutschland als besetztes Land - Snowden, NSA und Merkel"', 'de', 0, NULL, NULL, NULL),
(408369398702153728, NULL, NULL, 157616379, NULL, '2013-12-04 23:57:06', '<a href="http://www.sam-song.info" rel="nofollow">SAM Broadcaster Song Info</a>', 'Gebroeders Ko - Wurst Mit Sauerkraut', 'de', 0, NULL, NULL, NULL),
(408369452669878272, NULL, NULL, 258579472, NULL, '2013-12-04 23:57:19', '<a href="http://twitter.com/tweetbutton" rel="nofollow">Tweet Button</a>', 'Europa se enfrenta a un repunte de la tuberculosis  http://t.co/LYetGoY7VO vía @el_pais UE/MERKEL ASESINOS', 'es', 0, NULL, NULL, NULL),
(408369500648521729, NULL, NULL, 14694570, NULL, '2013-12-04 23:57:30', 'web', '@tyler_merkel @BallStateMBB that the actual theme of the game?', 'en', 0, 0, NULL, 408355360139771904),
(408369520324390912, NULL, NULL, 57424542, 406543760894345216, '2013-12-04 23:57:35', '<a href="http://twitter.com/download/iphone" rel="nofollow">Twitter for iPhone</a>', 'RT @AmDrizziDraek: rt if ur on ur wurst behavior', 'en', 1832, 0, NULL, NULL),
(408369533024366593, NULL, NULL, 386278653, NULL, '2013-12-04 23:57:38', 'web', 'i just made sum fire curry wurst - what you know bout dat shit!', 'en', 0, -1, NULL, NULL),
(408369568306831360, NULL, NULL, 1491801188, 408192659505700864, '2013-12-04 23:57:46', '<a href="http://favstar.fm" rel="nofollow">Favstar.FM</a>', 'RT @breatheandlove: If you can''t handle me at my worst, you don''t deserve me handling your wurst. \n\nFuck it, send.', 'en', 43, -1, NULL, NULL),
(408369671902351360, NULL, NULL, 77811314, NULL, '2013-12-04 23:58:11', '<a href="http://twitter.com/download/iphone" rel="nofollow">Twitter for iPhone</a>', 'Wir haben nur scheiß im Kühlschrank. Kann man mit Frischkäse, Alkohol, Wurst und Zucker Sahne machen? ...', 'de', 0, NULL, NULL, NULL),
(408370118935445504, NULL, NULL, 215776529, 408327959855255553, '2013-12-04 23:59:58', '<a href="http://twitter.com/download/iphone" rel="nofollow">Twitter for iPhone</a>', 'RT @twitairline: Merkel: „Altenpfleger haben einen härteren Job als ich!“\n\nUnd warum werden Pflegekräfte dann so beschissen bezahlt? Erklär…', 'de', 48, NULL, NULL, NULL),
(408370364855496704, NULL, NULL, 307817157, NULL, '2013-12-05 00:00:56', 'web', '@sergiogomes49 mejor, tengo a la Merkel de mi lado.....como lo ves?? XDDDDDD', 'es', 0, NULL, NULL, 408370013033480192),
(408370750979338241, NULL, NULL, 1622615839, 407791946846175232, '2013-12-05 00:02:28', '<a href="http://twitter.com/#!/download/ipad" rel="nofollow">Twitter for iPad</a>', 'RT @WW1Stories: Sgt Knight won the POR''s only VC for an attack on two farms at Wurst Farm Ridge. I''m pretty sure I found the spot. http://t…', 'en', 3, 1, NULL, NULL),
(408370892872646656, NULL, NULL, 938002339, NULL, '2013-12-05 00:03:02', '<a href="http://twitter.com/download/iphone" rel="nofollow">Twitter for iPhone</a>', '@Namyva13 lo veo un poco negro la verdad...cn Merkel ni sabrías el color de mis calzoncillos !!! Jajajajjajajajaj', 'es', 0, NULL, NULL, 408370364855496704),
(408370935381893120, NULL, NULL, 770615742, NULL, '2013-12-05 00:03:12', '<a href="http://twitter.com/download/android" rel="nofollow">Twitter for Android</a>', '@PatoGamblin @TheSoberbia ¿Y si le cambiamos el nombre a Bachelet, le ponemos Merkel y esperamos que lo haga bien?', 'es', 0, NULL, NULL, 408367624943591425),
(408371058828664832, NULL, NULL, 1698953162, NULL, '2013-12-05 00:03:42', '<a href="http://twitter.com/download/android" rel="nofollow">Twitter for Android</a>', '@DrTedros @TheJusticeDept @Angie_Merkel Condemning lead without the slim land & finances return we disrespect accounts with authority!!!', 'en', 0, 0, NULL, 407903587608834048),
(408371192630738944, NULL, NULL, 466235211, NULL, '2013-12-05 00:04:14', '<a href="http://twitter.com/download/iphone" rel="nofollow">Twitter for iPhone</a>', '@SairBonack WHITE GRL PROBZ', 'en', 0, 0, NULL, 408363186388099072),
(408371200461516800, NULL, NULL, 466235211, 408363186388099072, '2013-12-05 00:04:16', '<a href="http://twitter.com/download/iphone" rel="nofollow">Twitter for iPhone</a>', 'RT @SairBonack: Our lives are incredibly rough....@Hanna_Merkel http://t.co/BtvnxUEaz7', 'en', 1, 0, NULL, NULL),
(408371333517414400, NULL, NULL, 1478611, NULL, '2013-12-05 00:04:47', 'web', 'Merkel behauptet ja heute noch: "no go areas gibt es bei uns nicht."', 'de', 0, NULL, NULL, NULL),
(408371339049697280, NULL, NULL, 266212992, NULL, '2013-12-05 00:04:49', 'web', '''Im going 2 be like late for work tomorrow! oh my gawd @ScotRail wurst everrrrr'' - well least you''ll still be alive. Better safe than sorry.', 'en', 1, 1, NULL, NULL),
(408371438941642754, NULL, NULL, 1417208167, NULL, '2013-12-05 00:05:12', '<a href="http://twitter.com/download/iphone" rel="nofollow">Twitter for iPhone</a>', 'Physics professor just called a pendulum babe to try to make it work.. #um?', 'en', 0, 1, NULL, NULL),
(408371488522137601, NULL, NULL, 455056617, 408371339049697280, '2013-12-05 00:05:24', '<a href="http://atomfire-retweet.appspot.com" rel="nofollow">Atomfire Retweet App</a>', 'RT @Victoria_Kerr: ''Im going 2 be like late for work tomorrow! oh my gawd @ScotRail wurst everrrrr'' - well least you''ll still be alive. Bet…', 'en', 1, 1, NULL, NULL),
(408371637306662912, NULL, NULL, 486136479, 406543760894345216, '2013-12-05 00:06:00', '<a href="http://twitter.com/download/android" rel="nofollow">Twitter for Android</a>', 'RT @AmDrizziDraek: rt if ur on ur wurst behavior', 'en', 1832, 0, NULL, NULL),
(408371847940431872, NULL, NULL, 341374351, NULL, '2013-12-05 00:06:50', 'web', 'Si marxem d''Espanya, de la UE i de la OTAN no haurem d''aguantar els espanyols, ni la Merkel, ni anar a guerres estúpides. On hem de signar?', 'es', 1, NULL, NULL, NULL),
(408372031466389504, NULL, NULL, 369800079, NULL, '2013-12-05 00:07:34', 'web', '#subtweet not you, merkel', 'en', 0, 0, NULL, NULL),
(408372242989711360, NULL, NULL, 1115493295, NULL, '2013-12-05 00:08:24', '<a href="http://twitter.com/download/android" rel="nofollow">Twitter for Android</a>', 'El q faltava pel duro!"@puerto_duc: Cacen a Merkel amb el micròfon obert referint-se a Espanya com "la meva guineu" http://t.co/jLCv66ltR2"', 'es', 0, NULL, NULL, NULL),
(408372346785767424, NULL, NULL, 203295053, 408273094675951616, '2013-12-05 00:08:49', '<a href="http://twitter.com/download/iphone" rel="nofollow">Twitter for iPhone</a>', 'RT @bsuathletics: Come out to Worthen tonight at 7 for Ugly Holiday Sweater Night as @BallStateMBB takes on Valpo! See you tonight! #ChirpC…', 'en', 13, -1, NULL, NULL),
(408372406768508928, NULL, NULL, 203295053, NULL, '2013-12-05 00:09:03', '<a href="http://twitter.com/download/iphone" rel="nofollow">Twitter for iPhone</a>', '@V4Albert @BallStateMBB yep! See my last retweet', 'en', 0, 0, NULL, 408369500648521729),
(408372762768441344, NULL, NULL, 1073885570, NULL, '2013-12-05 00:10:28', '<a href="http://twittbot.net/" rel="nofollow">twittbot.net</a>', '@Ludwig_wurst ?????????????????…? ????????…', 'ja', 0, NULL, NULL, 408371417881653248),
(408372795773423616, NULL, NULL, 14138785, NULL, '2013-12-05 00:10:36', '<a href="https://about.twitter.com/products/tweetdeck" rel="nofollow">TweetDeck</a>', 'The NSA tracks over five billion calls a day worldwide, new Edward Snowden leak reveals http://t.co/mFPrVHG67v', 'en', 30, -1, NULL, NULL),
(408373404111085568, NULL, NULL, 742539847, 406707623166095360, '2013-12-05 00:13:01', '<a href="http://twitter.com" rel="nofollow">Twitter Web Client</a>', 'RT @Nerdshet_pls: Ill hav u no ive shotguned 14 rgedbols nd snorted 3 liens of addy in 5 minuets\n\nStill think am teh wurst playir on opdik?', 'en', 2, 0, NULL, NULL),
(408373503625154560, NULL, NULL, 1020968347, NULL, '2013-12-05 00:13:25', '<a href="http://twitter.com/download/iphone" rel="nofollow">Twitter for iPhone</a>', '“@klaruniaaa: Lol my mother won''t let me go to any game tonight because I told her about my math test.” Same.. Only for conn', 'en', 0, 1, NULL, 408365188753006593),
(408373833331392512, NULL, NULL, 18723547, 395908486778740737, '2013-12-05 00:14:43', '<a href="http://itunes.apple.com/us/app/twitter/id409789998?mt=12" rel="nofollow">Twitter for Mac</a>', 'RT @ggreenwald: NYT, quoting official on NSA "they suck up every phone number they can in Germany"  http://t.co/zTeG79JuGd', 'en', 139, -1, NULL, NULL),
(408373952105680896, NULL, NULL, 1210090286, 408371847940431872, '2013-12-05 00:15:12', '<a href="http://twitter.com/download/android" rel="nofollow">Twitter for Android</a>', 'RT @MiquelManubens: Si marxem d''Espanya, de la UE i de la OTAN no haurem d''aguantar els espanyols, ni la Merkel, ni anar a guerres estúpide…', 'es', 1, NULL, NULL, NULL),
(408374073924669441, NULL, NULL, 337529500, NULL, '2013-12-05 00:15:41', '<a href="https://about.twitter.com/products/tweetdeck" rel="nofollow">TweetDeck</a>', 'Sundubu Jjigae, Kuliner Korea yang Pas Dimakan Saat Hujan http://t.co/Ts8qn5Pie0', 'in', 5, NULL, NULL, NULL),
(408374314069549056, NULL, NULL, 248384452, NULL, '2013-12-05 00:16:38', 'web', '#beise mit #merkel glauben offiziell an die Bändigung der Finanzmärkte.\n#AnneWill', 'de', 0, NULL, NULL, NULL),
(408374633549664256, NULL, NULL, 411765161, NULL, '2013-12-05 00:17:54', '<a href="http://twitter.com/download/iphone" rel="nofollow">Twitter for iPhone</a>', '@baylee_merkel she hasn''t seen that yet, once she does my ass will be at my house and my house only', 'en', 0, 0, NULL, 408373503625154560),
(408374714697261056, NULL, NULL, 635346861, NULL, '2013-12-05 00:18:13', '<a href="http://twitter.com/download/iphone" rel="nofollow">Twitter for iPhone</a>', '@darsal Hope for the best, expect the wurst.', 'en', 0, 1, NULL, 408374119634186240),
(408374871328948224, NULL, NULL, 855417048, NULL, '2013-12-05 00:18:51', 'web', 'Obama, Merkel i el Papa reben el llibre de la campanya per la independència http://t.co/8MV0951gEG @AngelsSitges @jcanadellb @RamonCarner', 'es', 3, NULL, NULL, NULL),
(408375057971310592, NULL, NULL, 128370270, NULL, '2013-12-05 00:19:35', 'web', 'YES! Rejoice!!! #Merkel just resigned!!!\n\nJust kidding! ; ) For @juergen_p #GroKo', 'en', 1, 0, NULL, 408373744348839936),
(408375271679864832, NULL, NULL, 1090081867, NULL, '2013-12-05 00:20:26', '<a href="http://www.facebook.com/twitter" rel="nofollow">Facebook</a>', 'We''ll be hopping a plane back to Cola Town bright and early Thursday. We sure hope you all have a big wurst appetite built up.', 'en', 0, 1, NULL, NULL),
(408375575640686592, NULL, NULL, 569814186, NULL, '2013-12-05 00:21:39', '<a href="http://tapbots.com/tweetbot" rel="nofollow">Tweetbot for iOS</a>', '45. Contoh 1 modus saja : Penempatan TKI G to G ke Korea Selatan, rata2 10.000 / org per tahun. Pungli yang dikutip Jumhur 15-25 juta/org', 'in', 3, NULL, NULL, NULL),
(408375607584505856, NULL, NULL, 429353601, NULL, '2013-12-05 00:21:46', '<a href="http://twitter.com/tweetbutton" rel="nofollow">Tweet Button</a>', 'Live stats for #TIMEPOY: Angela Merkel [38%] vs Vladimir Putin [62%]. http://t.co/yjEamD6DFt', 'tl', 0, NULL, NULL, NULL),
(408375661695225856, NULL, NULL, 569814186, NULL, '2013-12-05 00:21:59', '<a href="http://tapbots.com/tweetbot" rel="nofollow">Tweetbot for iOS</a>', '46. Dari 10.000 Calon TKI yg akan ditempatkan di Korea dgn schema G to G, @jumhurhidayat sdh kantongi uang pungli 150-250 Miliar/ tahun !', 'in', 5, NULL, NULL, NULL),
(408375680414781440, NULL, NULL, 487846005, 408374871328948224, '2013-12-05 00:22:04', '<a href="http://twitter.com/download/android" rel="nofollow">Twitter for Android</a>', 'RT @Laksmiz: Obama, Merkel i el Papa reben el llibre de la campanya per la independència http://t.co/8MV0951gEG @AngelsSitges @jcanadellb @…', 'es', 3, NULL, NULL, NULL),
(408375745195806720, NULL, NULL, 1615435064, NULL, '2013-12-05 00:22:19', '<a href="http://twitter.com/download/iphone" rel="nofollow">Twitter for iPhone</a>', 'Colds suck ??', 'en', 0, -1, NULL, NULL),
(408375760261349376, NULL, NULL, 1297529113, NULL, '2013-12-05 00:22:23', '<a href="http://www.ajaymatharu.com/" rel="nofollow">Tweet Old Post</a>', '#TalkLikeAPirateDay: Merkel Finally Reaches Deal To Form New German Government -  REUTERS/Fabrizio BenschGerman... http://t.co/IjLflhJOme', 'en', 0, 0, NULL, NULL),
(408375787553705984, NULL, NULL, 47411569, NULL, '2013-12-05 00:22:29', '<a href="http://tweetamigo.com" rel="nofollow">TweetAmigo</a>', 'NSA tracking cellphone locations worldwide, Snowden documents show #libertarian http://t.co/FozxZxuoVd', 'en', 3, 0, NULL, NULL),
(408375879266340864, NULL, NULL, 233222430, NULL, '2013-12-05 00:22:51', 'web', '@supercoolwicked @LILBTHEBASEDGOD EVEN WURST!! her fingers bled to deaf + now she can''t do it!! how many times do i tell u little brandon??!', 'en', 0, -1, NULL, 408375401686134785),
(408375895603568640, NULL, NULL, 494813245, NULL, '2013-12-05 00:22:55', '<a href="http://twitter.com/download/android" rel="nofollow">Twitter for Android</a>', '@ItsCetty il fotomontaggio è il sedile della Merkel.', 'it', 0, NULL, NULL, 408375398976585729),
(408375928805654528, NULL, NULL, 132774626, NULL, '2013-12-05 00:23:03', '<a href="http://bufferapp.com" rel="nofollow">Buffer</a>', 'all these girls are getting wcw''s and I''m just here like http://t.co/2LZsuEqs4j', 'en', 8821, 1, NULL, NULL),
(408375975341490176, NULL, NULL, 66132864, 408375057971310592, '2013-12-05 00:23:14', '<a href="http://twitter.com" rel="nofollow">Twitter Web Client</a>', 'RT @Lars9596: YES! Rejoice!!! #Merkel just resigned!!!\n\nJust kidding! ; ) For @juergen_p #GroKo', 'en', 1, 0, NULL, NULL),
(408376018907697152, 41.2241, -80.7366, 372091536, NULL, '2013-12-05 00:23:24', '<a href="http://twitter.com/download/iphone" rel="nofollow">Twitter for iPhone</a>', 'people think Taylor Swift has had like 103892 boyfriends like no it''s actually like 6 or 7 since she was a teenager', 'en', 0, 1, NULL, NULL),
(408376042881957888, NULL, NULL, 134400083, NULL, '2013-12-05 00:23:30', '<a href="http://twicca.r246.jp/" rel="nofollow">twicca</a>', '@simonmega Wurst??????????????????????', 'ja', 0, NULL, NULL, 408375166775750656),
(408376161182703616, NULL, NULL, 302854196, 393755616952737793, '2013-12-05 00:23:58', '<a href="http://twitter.com/download/android" rel="nofollow">Twitter for Android</a>', 'RT @SrHador: —Rajoy: Cuelga tu.\n\n—Merkel: No, tu.\n\n—Rajoy: No gordi, cuelga tu.\n\n—Merkel: Que no tonto, cuelga tu.\n\n—Obama: ¡COLGAD YA HOST…', 'es', 10924, NULL, NULL, NULL),
(408376285488893952, NULL, NULL, 2230606190, NULL, '2013-12-05 00:24:28', 'web', '@leffetpap Vraiment Pipo Dumbo l''explication! Et comment on fait les US quand Merkel était en déplacement ? Echelon! Prism! Autre? #effetpap', 'fr', 0, NULL, NULL, 407903665786478592),
(408376292854468608, NULL, NULL, 343581728, NULL, '2013-12-05 00:24:30', '<a href="http://twitter.com/download/iphone" rel="nofollow">Twitter for iPhone</a>', 'Looks can be so decieving', 'en', 1, 0, NULL, NULL),
(408376298881294337, NULL, NULL, 142252192, NULL, '2013-12-05 00:24:31', 'web', '@chefidiaz En los 40 y en los 2000, anda que no tiene cojoncios la Merkel, jajajaja @_ANAMILAN_', 'es', 0, NULL, NULL, 408375861721972736),
(408376371384422401, NULL, NULL, 1976525640, NULL, '2013-12-05 00:24:48', '<a href="http://twitter.com/download/iphone" rel="nofollow">Twitter for iPhone</a>', '@hooksie95  is the wurst', 'en', 0, 0, NULL, NULL),
(408376489319464960, NULL, NULL, 1860558667, NULL, '2013-12-05 00:25:16', '<a href="http://twitterfeed.com" rel="nofollow">twitterfeed</a>', 'Große Koalition: Die Frauen von Merkel III - ZEIT ONLINE: Große Koalition: Die Frauen von Merkel IIIZEIT ONLIN... http://t.co/4qftN5qOvO', 'de', 0, NULL, NULL, NULL),
(408376690696413184, 41.2242, -80.737, 372091536, NULL, '2013-12-05 00:26:04', '<a href="http://twitter.com/download/iphone" rel="nofollow">Twitter for iPhone</a>', 'not every guy she gets a picture with is her new boyfriend', 'en', 0, 0, NULL, NULL),
(408376694622679040, NULL, NULL, 267126880, NULL, '2013-12-05 00:26:05', '<a href="http://twitter.com/download/iphone" rel="nofollow">Twitter for iPhone</a>', '@rosadelia84 @_ANAMILAN_ la Merkel imponer, poco! Tiene cara de (una guarrada) no?', 'es', 0, NULL, NULL, 408376298881294337),
(408376725018796032, NULL, NULL, 714434984, 408376292854468608, '2013-12-05 00:26:13', '<a href="https://mobile.twitter.com" rel="nofollow">Mobile Web (M5)</a>', 'RT @SelenaMerie_G: Looks can be so decieving', 'en', 1, 0, NULL, NULL),
(408376742865166336, NULL, NULL, 372091536, 408375928805654528, '2013-12-05 00:26:17', '<a href="http://twitter.com/download/iphone" rel="nofollow">Twitter for iPhone</a>', 'RT @girlposts: all these girls are getting wcw''s and I''m just here like http://t.co/2LZsuEqs4j', 'en', 8821, 1, NULL, NULL),
(408376744006389760, NULL, NULL, 192529665, 408245605535072256, '2013-12-05 00:26:17', '<a href="http://google.com/" rel="nofollow">appanjalorenz</a>', 'RT @RangirBS: Wenn die #ComputerBild das Anti-#NSA Paket anpreist, glaube ich dem so, wie Angela Merkel wenn sie sagt, dass es mit ihr kein…', 'de', 2, NULL, NULL, NULL),
(408376932204834816, NULL, NULL, 485628566, NULL, '2013-12-05 00:27:02', '<a href="http://mentaphone.com" rel="nofollow">mentarobot</a>', '#ecigs #Fladungen #NSA hört Handy ab: „#Merkel, du Schlange“? #Mentaphon ist anonym. https://t.co/lamlwTOvjb', 'de', 0, NULL, NULL, NULL),
(408377108558512128, NULL, NULL, 47125148, NULL, '2013-12-05 00:27:44', '<a href="http://www.joiz.de" rel="nofollow">joiz_de_connecting_accounts</a>', 'two thumbs up - jetzt anschauen! - NOIZ vom 7.11.13 #2: Mecker-Merkel, Gaga fliegt ins All, Twitter: http://t.co/JfRWO3uLwh', 'de', 0, NULL, NULL, NULL),
(408377123922268160, NULL, NULL, 47125148, NULL, '2013-12-05 00:27:48', '<a href="http://www.joiz.de" rel="nofollow">joiz_de_connecting_accounts</a>', 'Heisser Scheiss - unbedingt anschauen! - NOIZ vom 7.11.13 #2: Mecker-Merkel, Gaga fliegt ins All, Twitter: http://t.co/JfRWO3uLwh', 'de', 0, NULL, NULL, NULL);
INSERT INTO `tweets` (`id`, `coordinates_longitude`, `coordinates_latitude`, `users_id`, `is_retweet_of_id`, `created_at`, `source`, `text`, `iso_language_code`, `retweet_count`, `sentiment`, `sentiment_human_label`, `is_reply_to_status_id`) VALUES
(408377130326970368, NULL, NULL, 1566023431, NULL, '2013-12-05 00:27:49', '<a href="http://twitter.com/#!/download/ipad" rel="nofollow">Twitter for iPad</a>', '@Rinaldi_euro  forse forse se lo portasse alla Merkel lo capirebbero meglio!!!!', 'it', 0, NULL, NULL, 407890717110202369),
(408377141865496576, NULL, NULL, 414252569, NULL, '2013-12-05 00:27:52', '<a href="http://twitter.com/download/android" rel="nofollow">Twitter for Android</a>', '@enesaksoym Allah korusun. :) Ne Obama ne de Merkel... :))', 'tr', 0, NULL, NULL, 408375993402142720),
(408377161205022720, NULL, NULL, 47125148, NULL, '2013-12-05 00:27:57', '<a href="http://twitter.com/tweetbutton" rel="nofollow">Tweet Button</a>', 'NOIZ vom 7.11.13 #2: Mecker-Merkel, Gaga fliegt ins All, Twitter http://t.co/Op2dkLkeRj', 'de', 0, NULL, NULL, NULL),
(408377219044876288, NULL, NULL, 163586060, NULL, '2013-12-05 00:28:10', '<a href="http://twitter.com/download/iphone" rel="nofollow">Twitter for iPhone</a>', '“@chromeoremix: @hooksie95  is the wurst” yes i am', 'en', 0, 0, NULL, 408376371384422401),
(408377350163013632, NULL, NULL, 1976525640, NULL, '2013-12-05 00:28:42', '<a href="http://twitter.com/download/iphone" rel="nofollow">Twitter for iPhone</a>', '“@hooksie95: “@chromeoremix: @hooksie95  is the wurst” yes i am” I definitely didn''t take bens phone he admitted he was awful', 'en', 0, -1, NULL, 408377219044876288),
(408377395935051776, NULL, NULL, 230865568, NULL, '2013-12-05 00:28:53', '<a href="http://twitter.com/download/iphone" rel="nofollow">Twitter for iPhone</a>', '@qtf de seguro le paso el dato Ángela Merkel después de que el la espío jajaja', 'es', 0, NULL, NULL, 408377079449657344),
(408377489053208576, NULL, NULL, 619647819, NULL, '2013-12-05 00:29:15', '<a href="http://twitter.com/download/iphone" rel="nofollow">Twitter for iPhone</a>', '@_ANXC ur wurst nitem@r3 http://t.co/rzbDeA0Daq', 'de', 1, NULL, NULL, 408337271386292224),
(408377518992158720, NULL, NULL, 714434984, NULL, '2013-12-05 00:29:22', '<a href="https://mobile.twitter.com" rel="nofollow">Mobile Web (M5)</a>', '@thugg_lifeeebby When?', 'en', 0, 0, NULL, 408041906854043648),
(408377631160037376, NULL, NULL, 197833061, NULL, '2013-12-05 00:29:49', 'web', '@EnElAireAB @Fermi_Fdes Es Merkel disfrazada!!! Cuidado Mariano!', 'es', 0, NULL, NULL, 408377299873333249),
(408377751351992320, NULL, NULL, 475296455, NULL, '2013-12-05 00:30:17', 'web', 'Genial Boris Jonhson @Fermi_Fdes y sus papeles de estrangeros! Me recuerda mucho a Merkel! @EnElAireAB #EnElAire11', 'es', 0, NULL, NULL, NULL),
(408377806096457728, NULL, NULL, 538586248, 402185754711187456, '2013-12-05 00:30:30', '<a href="http://twitter.com/download/iphone" rel="nofollow">Twitter for iPhone</a>', 'RT @HistorianQuotes: "nigger" -Paula Dean', 'en', 3913, 0, NULL, NULL),
(408377845388701696, NULL, NULL, 538586248, 404403413586546688, '2013-12-05 00:30:40', '<a href="http://twitter.com/download/iphone" rel="nofollow">Twitter for iPhone</a>', 'RT @HistorianQuotes: "Free my niggas" - Abraham Lincoln', 'en', 4141, 0, NULL, NULL),
(408378076892917760, NULL, NULL, 2175982107, NULL, '2013-12-05 00:31:35', 'web', '??????? ? ???????????? ???????? ? ?????????? ?? ? ???????????? ?????????? - ?? http://t.co/uLxQ4gwk2K', 'ru', 0, NULL, NULL, NULL),
(408378441340178433, NULL, NULL, 2175869897, NULL, '2013-12-05 00:33:02', 'web', '??????? ???????, ??? ?? ??????? ? ???????? ?? ????? ????????? ?????????? ? ???????? http://t.co/pWpy3XrROK', 'ru', 0, NULL, NULL, NULL),
(408378567995957248, NULL, NULL, 68524089, NULL, '2013-12-05 00:33:32', '<a href="http://twitter.com/download/android" rel="nofollow">Twitter for Android</a>', '@SebastianGomezA Merkel tendrá tanto poder como Bismark dijo un analista que sigo en la radio', 'es', 0, NULL, NULL, 408369733130801153),
(408378650019377152, NULL, NULL, 549277281, NULL, '2013-12-05 00:33:52', '<a href="http://twitter.com/tweetbutton" rel="nofollow">Tweet Button</a>', 'Merkel: Image-Absturz http://t.co/oBsxbT3b0n via @MMnews1', 'de', 0, NULL, NULL, NULL),
(408378682177495040, NULL, NULL, 898057556, NULL, '2013-12-05 00:33:59', '<a href="http://janetter.net/" rel="nofollow">Janetter</a>', '@WilliamcaFox "FA is down... wurst dei evurr." "Ey yo imma lick yo face BE HAPPY"', 'en', 0, 0, NULL, 408378341658353664),
(408378684924366848, NULL, NULL, 320657168, NULL, '2013-12-05 00:34:00', '<a href="http://www.grabinbox.com" rel="nofollow">GrabInbox</a>', '76 persen dari wanita Korea Selatan umur 20-40 pernah menjalani operasi plastik. #8D', 'in', 72, NULL, NULL, NULL),
(408378715509649408, NULL, NULL, 14199907, NULL, '2013-12-05 00:34:07', '<a href="http://tapbots.com/tweetbot" rel="nofollow">Tweetbot for iOS</a>', 'Absolute hero in the face of McCarthyist bullshit. “@wikileaks: Guardian Editor on #Snowden cache http://t.co/LIM2O2mZZN”', 'en', 4, 0, NULL, NULL),
(408378890386546688, NULL, NULL, 258003667, 408192659505700864, '2013-12-05 00:34:49', '<a href="http://twitter.com/#!/download/ipad" rel="nofollow">Twitter for iPad</a>', 'RT @breatheandlove: If you can''t handle me at my worst, you don''t deserve me handling your wurst. \n\nFuck it, send.', 'en', 43, -1, NULL, NULL),
(408378925098627072, NULL, NULL, 248354340, NULL, '2013-12-05 00:34:57', 'web', 'Maar goed ik schat de kansen van Verhofstadt niet hoog in. Martin Schulz heeft meeste kans. Steun van Merkel. #vzEC #EU', 'nl', 0, NULL, NULL, NULL),
(408379021249220608, NULL, NULL, 620363539, 408377489053208576, '2013-12-05 00:35:20', '<a href="http://twitter.com/download/iphone" rel="nofollow">Twitter for iPhone</a>', 'RT @raviolivia: @_ANXC ur wurst nitem@r3 http://t.co/rzbDeA0Daq', 'de', 1, NULL, NULL, NULL),
(408379153289736193, NULL, NULL, 1020968347, NULL, '2013-12-05 00:35:52', '<a href="http://twitter.com/download/iphone" rel="nofollow">Twitter for iPhone</a>', '@klaruniaaa yeah haha have fun with that!', 'en', 0, 1, NULL, 408374633549664256),
(408379174873604096, NULL, NULL, 16589206, NULL, '2013-12-05 00:35:57', 'web', 'Guardian Editor on #Snowden cache: "stuff in there about Iraq & Afg.. we''re not even going to look at it" (near end) http://t.co/MysiHVx10z', 'en', 145, 0, NULL, NULL),
(408379181081194496, NULL, NULL, 151173057, NULL, '2013-12-05 00:35:58', '<a href="http://twitter.com/tweetbutton" rel="nofollow">Tweet Button</a>', 'I think Angela Merkel should be #TIMEPOY http://t.co/oyLBs029lZ', 'en', 0, 0, NULL, NULL),
(408379286270525442, NULL, NULL, 1334783156, 408353159900184576, '2013-12-05 00:36:23', '<a href="http://twitter.com/download/iphone" rel="nofollow">Twitter for iPhone</a>', 'RT @habwanderlust: @germanforall Isn''t it about time we learnt that German jokes are the #wurst - New #Blog about #TheGermans http://t.co/y…', 'en', 1, 0, NULL, NULL),
(408379381959364609, NULL, NULL, 354049630, NULL, '2013-12-05 00:36:46', '<a href="http://twitter.com/download/iphone" rel="nofollow">Twitter for iPhone</a>', 'Show me why you deserve to have it alllllll', 'en', 0, 0, NULL, NULL),
(408379520929234944, NULL, NULL, 915374472, NULL, '2013-12-05 00:37:19', '<a href="http://www.hootsuite.com" rel="nofollow">HootSuite</a>', 'Some really interesting figures here about women in business in Korea http://t.co/CB3jqiXArv', 'en', 5, 1, NULL, NULL),
(408379695315812352, NULL, NULL, 2188008374, 408192659505700864, '2013-12-05 00:38:01', '<a href="http://www.twitter.com" rel="nofollow">Twitter for BlackBerry</a>', 'RT @breatheandlove: If you can''t handle me at my worst, you don''t deserve me handling your wurst. \n\nFuck it, send.', 'en', 43, -1, NULL, NULL),
(408379784297594880, NULL, NULL, 848514625, NULL, '2013-12-05 00:38:22', '<a href="http://twitter.com/download/iphone" rel="nofollow">Twitter for iPhone</a>', 'I''m not about to start saying shit that I know won''t or can''t happen ?', 'en', 0, 0, NULL, NULL),
(408379790232543233, NULL, NULL, 399392017, NULL, '2013-12-05 00:38:23', '<a href="http://twittbot.net/" rel="nofollow">twittbot.net</a>', 'Wurst??????????', 'ja', 0, NULL, NULL, NULL),
(408379850429173760, NULL, NULL, 606681779, NULL, '2013-12-05 00:38:38', 'web', '@khaleesibitches tztztztz an was denkst du den du wieder? Meine Katzen lecken mir öfter die Finger ab (beosnders wenn sie nach Wurst richen)', 'de', 0, NULL, NULL, 408379221560791041),
(408380005933391872, NULL, NULL, 625854676, NULL, '2013-12-05 00:39:15', '<a href="http://taptu.com" rel="nofollow">Taptu - DJ Your News</a>', 'Pädophile nutzen anonymen Messenger http://t.co/MLn9JXwb83 #BND #NSA #snowden #merkel #ströbele diesen Scheiss bekommt ihr nicht gebacken?', 'de', 0, NULL, NULL, NULL),
(408380055778504705, NULL, NULL, 1132319354, NULL, '2013-12-05 00:39:27', '<a href="http://twitter.com/download/android" rel="nofollow">Twitter for Android</a>', 'Warum riechen Ihre Finger nach Wurst? Sie Ferkel. @Sonnenschein500', 'de', 0, NULL, NULL, 408379850429173760),
(408380136874983424, NULL, NULL, 416975774, NULL, '2013-12-05 00:39:46', '<a href="http://twittbot.net/" rel="nofollow">twittbot.net</a>', '? ?? ??? ?????? ???. ???? ????.', 'ko', 0, NULL, NULL, NULL),
(408380239115726848, NULL, NULL, 491473301, NULL, '2013-12-05 00:40:11', '<a href="http://twitter.com/download/iphone" rel="nofollow">Twitter for iPhone</a>', '@hermanntertsch Y luego dicen que la crisis es culpa de Merkel y de los mercados... Tenemos lo que merecemos', 'es', 0, NULL, NULL, 408379804262486016),
(408380254630445057, NULL, NULL, 503168247, 408310127926599680, '2013-12-05 00:40:14', '<a href="http://twitter.com" rel="nofollow">Twitter Web Client</a>', 'RT @SPIEGELONLINE: Radelt Merkel bald von A nach B? Dem Chauffeurdienst des Bundestags droht Insolvenz, doch Grüne haben eine Idee http://t…', 'de', 10, NULL, NULL, NULL),
(408380575347515392, NULL, NULL, 1020709506, NULL, '2013-12-05 00:41:31', '<a href="http://twitter.com/download/iphone" rel="nofollow">Twitter for iPhone</a>', 'Hockey game with my girls @baylee_merkel @Sophie_Lacy @kaitywalenski ?', 'en', 1, 0, NULL, NULL),
(408380705970728960, NULL, NULL, 437670280, NULL, '2013-12-05 00:42:02', '<a href="http://www.apple.com" rel="nofollow">iOS</a>', 'Snowden leak reveals NSA tracks cell phone locations on unprecedented scale http://t.co/c0lMh6MVwO', 'en', 2, -1, NULL, NULL),
(408380742196924418, NULL, NULL, 1020968347, 408380575347515392, '2013-12-05 00:42:10', '<a href="http://twitter.com/download/iphone" rel="nofollow">Twitter for iPhone</a>', 'RT @OliviaKrieger: Hockey game with my girls @baylee_merkel @Sophie_Lacy @kaitywalenski ?', 'en', 1, 0, NULL, NULL),
(408380820588490752, NULL, NULL, 238637288, NULL, '2013-12-05 00:42:29', '<a href="http://twitter.com/download/android" rel="nofollow">Twitter for Android</a>', 'Hockey game with my loves? @OliviaKrieger @baylee_merkel @kaitywalenski', 'en', 1, 0, NULL, NULL),
(408380915065180160, NULL, NULL, 1020968347, 408380820588490752, '2013-12-05 00:42:52', '<a href="http://twitter.com/download/iphone" rel="nofollow">Twitter for iPhone</a>', 'RT @Sophie_Lacy: Hockey game with my loves? @OliviaKrieger @baylee_merkel @kaitywalenski', 'en', 1, 0, NULL, NULL),
(408381110347771906, NULL, NULL, 891399733, NULL, '2013-12-05 00:43:38', 'web', '@IAMTheQueenELF @Jungsu990728 RT???? ????? ?? ??? ???? ???? ?????? ?? ???  http://t.co/D6VventGcf @korea_1995 @Lom_1995 @heecu99 ???? :)????', 'ar', 2, NULL, NULL, 408363455834750977),
(408381210076139521, NULL, NULL, 1662931524, NULL, '2013-12-05 00:44:02', '<a href="http://twitter.com/download/iphone" rel="nofollow">Twitter for iPhone</a>', '@iambeckyg Jokes about german sausages are the wurst.', 'en', 0, 0, NULL, 408377841370140672),
(408381591590027264, NULL, NULL, 196202006, 408192659505700864, '2013-12-05 00:45:33', '<a href="http://twitter.com/download/iphone" rel="nofollow">Twitter for iPhone</a>', 'RT @breatheandlove: If you can''t handle me at my worst, you don''t deserve me handling your wurst. \n\nFuck it, send.', 'en', 43, -1, NULL, NULL),
(408381631922057216, NULL, NULL, 2213619535, NULL, '2013-12-05 00:45:43', '<a href="http://makebot.sh/" rel="nofollow">m_bot_market</a>', '????\n\nMerkel secures agreement for coalition of right-left parties', 'ja', 0, NULL, NULL, NULL),
(408381712029462528, NULL, NULL, 1303246292, NULL, '2013-12-05 00:46:02', '<a href="http://twitter.com/download/android" rel="nofollow">Twitter for Android</a>', 'Mariano Rajoy (perdón, Groucho Marx), a Angela Merkel: Señora Merkel, éstos son mis principios; si no le gustan, tengo otros.', 'es', 0, NULL, NULL, NULL),
(408381720614809600, NULL, NULL, 1524015601, NULL, '2013-12-05 00:46:04', '<a href="http://twitterfeed.com" rel="nofollow">twitterfeed</a>', 'The Merkel victory that wasn’t: All the signs are that they will. More than two months after the German electi... http://t.co/A9TrPvOBvV', 'en', 0, 1, NULL, NULL),
(408381813942677505, NULL, NULL, 541806503, NULL, '2013-12-05 00:46:26', '<a href="http://www.twitter.com" rel="nofollow">Twitter for Windows Phone</a>', '@MattEllis94 @BenjaminOWelsh @hughestimothy @Numbers @JonnyHowick @JordanGriff1n @chrisfunke19 merkel man mellis', 'nl', 0, NULL, NULL, 408355174181507072),
(408381873232957440, NULL, NULL, 65948622, NULL, '2013-12-05 00:46:40', '<a href="http://twitter.com/tweetbutton" rel="nofollow">Tweet Button</a>', 'NSA tracking cellphone locations worldwide, Snowden documents show http://t.co/qwtj3WLb4b via @washingtonpost', 'en', 3, 0, NULL, NULL),
(408381973866889216, NULL, NULL, 2230241658, NULL, '2013-12-05 00:47:04', 'web', 'new low in FrancoGerman relationship and deep mutual mistrust between Chancellor Merkel and the Socialist French president', 'en', 0, -1, NULL, NULL),
(408382068851089408, NULL, NULL, 883843808, NULL, '2013-12-05 00:47:27', '<a href="https://about.twitter.com/products/tweetdeck" rel="nofollow">TweetDeck</a>', 'Don''t compare your results to someone else''s. You can never be another person, you can only be a better version of yourself.', 'en', 50, 1, NULL, NULL),
(408382169795788800, NULL, NULL, 470662385, NULL, '2013-12-05 00:47:51', '<a href="http://twitter.com/download/android" rel="nofollow">Twitter for Android</a>', 'Ob die Kack - #NSA auch die Bewegungsdaten von #CDU #MERKEL speichert? ... #Skandal #NixTun #Saftladen', 'de', 0, NULL, NULL, NULL),
(408382195930529792, NULL, NULL, 325241444, NULL, '2013-12-05 00:47:57', '<a href="http://twitter.com/download/android" rel="nofollow">Twitter for Android</a>', 'I don''t give a fuck what your opinion on someones relationship is, keep it to your goddamn self. It''s not your place to even HAVE a opinion.', 'en', 4, -1, NULL, NULL),
(408382610147405824, NULL, NULL, 2228114388, 378065271002382336, '2013-12-05 00:49:36', '<a href="http://twitter.com/download/android" rel="nofollow">Twitter for Android</a>', 'RT @fatihyetim: Merkel hükümeti Fransa örne?inden yol ç?karak do?um oranlar?n? art?rmak için ailelere 200 milyar € yard?m bütçesi ay?rd?. +', 'tr', 1, NULL, NULL, NULL),
(408382639641350144, NULL, NULL, 310691183, NULL, '2013-12-05 00:49:43', '<a href="http://www.tweetcaster.com" rel="nofollow">TweetCaster for Android</a>', 'Pre-recording 2NE1 #????? di MCD u/ acara sore ntar, yg semulanya jam 11:30 malam kmrn ditunda jd jam 2 pagi td (waktu Korea). Kasian 2NE1..', 'in', 5, NULL, NULL, NULL),
(408382749129863168, NULL, NULL, 27111784, 408344339484774401, '2013-12-05 00:50:09', '<a href="http://twitter.com/#!/download/ipad" rel="nofollow">Twitter for iPad</a>', 'RT @CedericDuboisch: Asscher ziet mogelijk bondgenoot in Cameron. Rutte gaat voor Verhofstadt. Straks gaat Roemer nog voor Merkel.', 'nl', 10, NULL, NULL, NULL),
(408382807585472512, NULL, NULL, 763011698, NULL, '2013-12-05 00:50:23', '<a href="http://twitter.com/download/iphone" rel="nofollow">Twitter for iPhone</a>', 'don''t just stand there dude, the tide''s coming in.... dude? http://t.co/sOV0zF1cNR', 'en', 60, 0, NULL, NULL),
(408382978239504384, NULL, NULL, 367323833, NULL, '2013-12-05 00:51:04', '<a href="http://blackberry.com/twitter" rel="nofollow">Twitter for BlackBerry®</a>', 'Me la comen Vladimir Putin, Barack Obama y Angela Merkel, Zapatero Rajoy o Aznar. ¿Porqué no iba a comermela tu madre?', 'es', 0, NULL, NULL, NULL),
(408383050431467520, NULL, NULL, 372091536, 408382807585472512, '2013-12-05 00:51:21', '<a href="http://twitter.com/download/iphone" rel="nofollow">Twitter for iPhone</a>', 'RT @SBQuotes_: don''t just stand there dude, the tide''s coming in.... dude? http://t.co/sOV0zF1cNR', 'en', 60, 0, NULL, NULL),
(408383131805569024, NULL, NULL, 26603208, NULL, '2013-12-05 00:51:40', '<a href="https://joindiaspora.com" rel="nofollow">Diaspora</a>', 'RT @wikileaks Guardian Editor on #Snowden cache: "stuff in there about Iraq & Afg.. we''re not even going to look at it" >> #selfcensorship', 'en', 1, 0, NULL, NULL),
(408383146624057344, NULL, NULL, 1888126572, NULL, '2013-12-05 00:51:44', '<a href="http://twitter.com/download/iphone" rel="nofollow">Twitter for iPhone</a>', 'I want to go to Wurst Bar', 'en', 0, 0, NULL, NULL),
(408383237300297728, NULL, NULL, 372091536, 408382195930529792, '2013-12-05 00:52:05', '<a href="http://twitter.com/download/iphone" rel="nofollow">Twitter for iPhone</a>', 'RT @SammiD4nni: I don''t give a fuck what your opinion on someones relationship is, keep it to your goddamn self. It''s not your place to eve…', 'en', 4, -1, NULL, NULL),
(408383422344617984, NULL, NULL, 84092311, NULL, '2013-12-05 00:52:49', '<a href="http://twitterfeed.com" rel="nofollow">twitterfeed</a>', 'Große Koalition: Die Frauen von Merkel III http://t.co/oSZDyqjvIC', 'de', 0, NULL, NULL, NULL),
(408383535196942336, NULL, NULL, 1615435064, NULL, '2013-12-05 00:53:16', '<a href="http://twitter.com/download/iphone" rel="nofollow">Twitter for iPhone</a>', 'Beyond blessed?', 'en', 0, 0, NULL, NULL),
(408383582709620737, NULL, NULL, 1020968347, NULL, '2013-12-05 00:53:28', '<a href="http://twitter.com/download/iphone" rel="nofollow">Twitter for iPhone</a>', 'You like to drink? So do we!', 'en', 0, 1, NULL, NULL),
(408383597893017600, NULL, NULL, 591536279, 408374871328948224, '2013-12-05 00:53:31', '<a href="http://messaging.nokia.com/" rel="nofollow">Social by Nokia</a>', 'RT @Laksmiz: Obama, Merkel i el Papa reben el llibre de la campanya per la independència http://t.co/8MV0951gEG @AngelsSitges @jcanadellb @…', 'es', 3, NULL, NULL, NULL),
(408383611327356929, NULL, NULL, 189050609, NULL, '2013-12-05 00:53:35', 'web', ': @ggreenwald fails 2 explain the #snowden travel debacle resulting in him being marooned in Russia See https://t.co/pX935m71kz #assange', 'en', 1, -1, NULL, NULL),
(408383767657857024, NULL, NULL, 874005866, NULL, '2013-12-05 00:54:12', '<a href="http://www.facebook.com/twitter" rel="nofollow">Facebook</a>', 'Obama, Merkel i el Papa reben el llibre de la campanya per la independència\nLa campanya ‘El món ho ha de saber’... http://t.co/v7CSARVx5W', 'es', 0, NULL, NULL, NULL),
(408383845197545472, NULL, NULL, 172867574, NULL, '2013-12-05 00:54:30', '<a href="http://twitter.com/tweetbutton" rel="nofollow">Tweet Button</a>', 'Edward Snowden and Glenn Greenwald: The Men Who Leaked the NSA''s Secrets | Politics News | Rolling Stone http://t.co/ZHhXjnaAYs', 'en', 5, 0, NULL, NULL),
(408383867406790656, NULL, NULL, 1615435064, NULL, '2013-12-05 00:54:36', '<a href="http://twitter.com/download/iphone" rel="nofollow">Twitter for iPhone</a>', 'I get carried away with emojis??', 'en', 1, 0, NULL, NULL),
(408383887329353729, NULL, NULL, 70776012, NULL, '2013-12-05 00:54:40', '<a href="http://twitter.com/tweetbutton" rel="nofollow">Tweet Button</a>', 'El 99 por ciento de la información de Snowden está por publicar, según The Guardian http://t.co/yIt0G1X8xF via @scoopit', 'es', 2, NULL, NULL, NULL),
(408383998319407104, NULL, NULL, 13361922, NULL, '2013-12-05 00:55:07', '<a href="http://bufferapp.com" rel="nofollow">Buffer</a>', 'Didn''t Snowden simply flip Big Brother so we could watch him?', 'en', 1, 0, NULL, NULL),
(408383998734663680, NULL, NULL, 1333369999, NULL, '2013-12-05 00:55:07', '<a href="http://twitter.com/download/iphone" rel="nofollow">Twitter for iPhone</a>', '@VincenzoSava @MOSLLER doveva non inginocchiarsi alla Merkel come maggiordomo. Lo capisce?', 'it', 1, NULL, NULL, 408383318577922048),
(408384002140413953, NULL, NULL, 34713362, NULL, '2013-12-05 00:55:08', '<a href="http://www.hootsuite.com" rel="nofollow">HootSuite</a>', 'Kim Jong Un’s uncle unharmed in North Korean purge, minister says | http://t.co/L83PZLIURJ', 'en', 10, 0, NULL, NULL),
(408384105823223808, NULL, NULL, 14313712, NULL, '2013-12-05 00:55:32', '<a href="http://itunes.apple.com/us/app/twitter/id409789998?mt=12" rel="nofollow">Twitter for Mac</a>', 'practically every other sentence in this piece detailing the nsa''s massive location tracking program is devastating http://t.co/Jiaej52423', 'en', 15, -1, NULL, NULL),
(408384158902128640, NULL, NULL, 372091536, 405745137487052800, '2013-12-05 00:55:45', '<a href="http://twitter.com/download/iphone" rel="nofollow">Twitter for iPhone</a>', 'RT @theCHIVE: Never my phone: http://t.co/1tjsEYQqGD', 'en', 124, 0, NULL, NULL),
(408384182499696640, NULL, NULL, 16814901, 408212665970851840, '2013-12-05 00:55:51', '<a href="http://twitter.com" rel="nofollow">Twitter Web Client</a>', 'RT @ggreenwald: Foreign Policy names its Top 100 Global Thinkers of 2013 - first on the list: Edward Snowden  https://t.co/iWgRpdJxCf  #Jai…', 'en', 207, 1, NULL, NULL),
(408384192154566656, NULL, NULL, 399774230, 408358901126823937, '2013-12-05 00:55:53', '<a href="http://twitter.com" rel="nofollow">Twitter Web Client</a>', 'RT @Thomas_Drake1: Breaking: NSA tracking location on huge number cellphones worldwide. Welcome to the digital panopticon. Can you hide? ht…', 'en', 74, 0, NULL, NULL),
(408384204318474241, NULL, NULL, 16098821, NULL, '2013-12-05 00:55:56', '<a href="http://www.hootsuite.com" rel="nofollow">HootSuite</a>', 'Snowden documents reveal NSA is tracking 5 million records per day on locations of global mobile phones. http://t.co/YDEMiMY5uM', 'en', 2, 0, NULL, NULL),
(408384216637120512, NULL, NULL, 19772792, NULL, '2013-12-05 00:55:59', '<a href="http://twitter.com/download/iphone" rel="nofollow">Twitter for iPhone</a>', 'With every new revelation I think to myself, "and they want to put #snowden in prison?"', 'en', 0, 0, NULL, NULL),
(408384227810762752, NULL, NULL, 1094775308, 408362683826982913, '2013-12-05 00:56:01', '<a href="http://www.twitter.com" rel="nofollow">Twitter for Windows Phone</a>', 'RT @maltespitz: Thats what "just #metadata" looks like http://t.co/msInSye4L9 #nsa spies on hundred million mobile phones worldwide http://…', 'en', 8, 1, NULL, NULL),
(408384245480960000, NULL, NULL, 19315236, NULL, '2013-12-05 00:56:06', '<a href="http://twitter.com/tweetbutton" rel="nofollow">Tweet Button</a>', 'NSA tracking cellphone locations worldwide, Snowden documents show http://t.co/o2fC7oUhUO', 'en', 2, 0, NULL, NULL),
(408384255430230016, NULL, NULL, 77197634, NULL, '2013-12-05 00:56:08', '<a href="https://about.twitter.com/products/tweetdeck" rel="nofollow">TweetDeck</a>', '@Adamizer1, He tweeted Snowden is a traitor, then scrubbed it when the heat came down. it may still be in Topsy @y72i4ee1 @PaulReverePress', 'en', 2, -1, NULL, 408383097051172866),
(408384284542500864, NULL, NULL, 453176496, NULL, '2013-12-05 00:56:15', '<a href="http://dlvr.it" rel="nofollow">dlvr.it</a>', 'NSA gathering 5bn cell phone records daily, Snowden documents show http://t.co/hMndDcJcLz', 'en', 0, 0, NULL, NULL),
(408384292965072896, NULL, NULL, 220006186, 408365903089106945, '2013-12-05 00:56:17', '<a href="http://www.myplume.com/" rel="nofollow">Plume for Android</a>', 'RT @wikileaks: NSA tracks 5 billion cellphone locations per day, world wide | WaPo\nhttp://t.co/FD6vZu2yqY More: http://t.co/c3QEeVTE8y #sno…', 'en', 295, 0, NULL, NULL),
(408384316742201344, NULL, NULL, 564201180, NULL, '2013-12-05 00:56:23', 'web', 'http://t.co/8aWzzy25Fx #NSA', 'und', 0, NULL, NULL, NULL),
(408384322647756800, NULL, NULL, 17886409, 408358620418416640, '2013-12-05 00:56:24', '<a href="http://twitter.com/download/iphone" rel="nofollow">Twitter for iPhone</a>', 'RT @conor64: Edward Snowden is the official Person of the Year for this particular Twitter feed.', 'en', 12, 0, NULL, NULL),
(408384324908482560, NULL, NULL, 54237747, NULL, '2013-12-05 00:56:25', '<a href="http://twitter.com/tweetbutton" rel="nofollow">Tweet Button</a>', '#NSA tracking cellphone locations worldwide, #Snowden documents show - The Washington Post http://t.co/VU63Q8GkNb', 'en', 0, 0, NULL, NULL),
(408384327475789824, NULL, NULL, 182802265, 408365903089106945, '2013-12-05 00:56:25', '<a href="http://twitter.com/download/android" rel="nofollow">Twitter for Android</a>', 'RT @wikileaks: NSA tracks 5 billion cellphone locations per day, world wide | WaPo\nhttp://t.co/FD6vZu2yqY More: http://t.co/c3QEeVTE8y #sno…', 'en', 295, 0, NULL, NULL),
(408384334702182400, NULL, NULL, 30902001, NULL, '2013-12-05 00:56:27', '<a href="http://twitter.com/devices" rel="nofollow">txt</a>', 'RT@d_seaman: RT @RT_America: Snowden leak reveals NSA tracks cell phone locations on unprecedented scale - report http://t.co/sSr9OmxCAW', 'en', 0, -1, NULL, NULL),
(408384337407905793, NULL, NULL, 516613525, 408366346393894912, '2013-12-05 00:56:28', '<a href="http://twitter.com/download/android" rel="nofollow">Twitter for Android</a>', 'RT @disinformatico: L''NSA traccia 5 miliardi di posizioni di telefonini nel mondo. AL GIORNO. Inutile spegnere GPS http://t.co/uXWQ7LicqS', 'it', 79, NULL, NULL, NULL),
(408384353686007808, NULL, NULL, 2171656313, 408379174873604096, '2013-12-05 00:56:32', '<a href="http://twitter.com/download/iphone" rel="nofollow">Twitter for iPhone</a>', 'RT @wikileaks: Guardian Editor on #Snowden cache: "stuff in there about Iraq & Afg.. we''re not even going to look at it" (near end) http://…', 'en', 145, 0, NULL, NULL),
(408384364150403072, NULL, NULL, 559258373, NULL, '2013-12-05 00:56:34', '<a href="http://dlvr.it" rel="nofollow">dlvr.it</a>', '???????????? ??? ?????? ????????????? 18cm 2793 http://t.co/sPLsi1yKcR ?#?? #???#Korea?#????', 'ja', 0, NULL, NULL, NULL),
(408384365719085056, NULL, NULL, 332938657, NULL, '2013-12-05 00:56:34', '<a href="http://twitter.com/download/android" rel="nofollow">Twitter for Android</a>', 'U.S. vet held in North\naided resistance http://t.co/2qCYo1Q7vG', 'en', 0, -1, NULL, NULL),
(408384365844905984, NULL, NULL, 1489337214, NULL, '2013-12-05 00:56:34', '<a href="http://twitter.com/download/android" rel="nofollow">Twitter for Android</a>', '@riishahx haa channel 393 cto korea jah .', 'ht', 0, NULL, NULL, 408350854568091649),
(408384367161905152, NULL, NULL, 559258373, NULL, '2013-12-05 00:56:35', '<a href="http://dlvr.it" rel="nofollow">dlvr.it</a>', '???????????? ??? ???????????17cm,20cm,23cm,26cm????????????????????? (17cm*10cm) http://t.co/8sf2Qv8wI7 ?#?? #???#Korea?#????', 'ja', 0, NULL, NULL, NULL),
(408384367610720256, NULL, NULL, 748222111, NULL, '2013-12-05 00:56:35', '<a href="http://twitterfeed.com" rel="nofollow">twitterfeed</a>', 'NSA collects nearly 5 billion cellphone location records per day: Washington Post report (based on Snowden lea... http://t.co/zs1OdA9ifl', 'en', 0, 0, NULL, NULL),
(408384367816224768, NULL, NULL, 203406454, 408382639641350144, '2013-12-05 00:56:35', '<a href="http://twitter.com/download/android" rel="nofollow">Twitter for Android</a>', 'RT @Planet2NE1: Pre-recording 2NE1 #????? di MCD u/ acara sore ntar, yg semulanya jam 11:30 malam kmrn ditunda jd jam 2 pagi td (waktu Kore…', 'in', 5, NULL, NULL, NULL),
(408384369812713472, NULL, NULL, 2713951, 408384105823223808, '2013-12-05 00:56:35', '<a href="http://tapbots.com/software/tweetbot/mac" rel="nofollow">Tweetbot for Mac</a>', 'RT @mattbuchanan: practically every other sentence in this piece detailing the nsa''s massive location tracking program is devastating http:…', 'en', 15, -1, NULL, NULL),
(408384370311827457, NULL, NULL, 559258373, NULL, '2013-12-05 00:56:35', '<a href="http://dlvr.it" rel="nofollow">dlvr.it</a>', '???????????? ??? ??????????20cm*11cm??????????????? (20cm*11cm) http://t.co/SvxOitz58U ?#?? #???#Korea?#????', 'ja', 0, NULL, NULL, NULL),
(408384373344321536, NULL, NULL, 559258373, NULL, '2013-12-05 00:56:36', '<a href="http://dlvr.it" rel="nofollow">dlvr.it</a>', '???????????? ??? ??????????????? H-2707 http://t.co/7QYqrpjdrV ?#?? #???#Korea?#????', 'ja', 0, NULL, NULL, NULL),
(408384376343252992, NULL, NULL, 559258373, NULL, '2013-12-05 00:56:37', '<a href="http://dlvr.it" rel="nofollow">dlvr.it</a>', '???????????? ??? ?? ??? ???(??? 1000cc) http://t.co/fx4VeIzEJf ?#?? #???#Korea?#????', 'ja', 0, NULL, NULL, NULL),
(408384379371528192, NULL, NULL, 559258373, NULL, '2013-12-05 00:56:38', '<a href="http://dlvr.it" rel="nofollow">dlvr.it</a>', '???????????? ??? ?????? 16.5cm http://t.co/8DiI6Nuy3T ?#?? #???#Korea?#????', 'ja', 0, NULL, NULL, NULL),
(408384382710190080, NULL, NULL, 559258373, NULL, '2013-12-05 00:56:38', '<a href="http://dlvr.it" rel="nofollow">dlvr.it</a>', '???????????? ???? ?????? 14cm http://t.co/IzlioIrvf8 ?#?? #???#Korea?#????', 'ja', 0, NULL, NULL, NULL),
(408384385960787968, NULL, NULL, 559258373, NULL, '2013-12-05 00:56:39', '<a href="http://dlvr.it" rel="nofollow">dlvr.it</a>', '???????????? ??? ???? ???? ?1? http://t.co/lhIXojsw5Z ?#?? #???#Korea?#????', 'ja', 0, NULL, NULL, NULL),
(408384389140070401, NULL, NULL, 559258373, NULL, '2013-12-05 00:56:40', '<a href="http://dlvr.it" rel="nofollow">dlvr.it</a>', '???????????? ??? ??? ??? ???? ? 18cm H-2709 http://t.co/jdMQWrVJy4 ?#?? #???#Korea?#????', 'ja', 0, NULL, NULL, NULL),
(408384392344518656, NULL, NULL, 559258373, NULL, '2013-12-05 00:56:41', '<a href="http://dlvr.it" rel="nofollow">dlvr.it</a>', '???????????? ??? ??????????????????? http://t.co/hxBNVncEym ?#?? #???#Korea?#????', 'ja', 0, NULL, NULL, NULL),
(408384400926076928, NULL, NULL, 50095502, 408379174873604096, '2013-12-05 00:56:43', '<a href="http://twitter.com/download/android" rel="nofollow">Twitter for Android</a>', 'RT @wikileaks: Guardian Editor on #Snowden cache: "stuff in there about Iraq & Afg.. we''re not even going to look at it" (near end) http://…', 'en', 145, 0, NULL, NULL),
(408384402595409920, NULL, NULL, 571485552, NULL, '2013-12-05 00:56:43', '<a href="https://github.com/netputer/netputweets" rel="nofollow">???</a>', '@JIAYuncH ???SNL Korea mblaq??????????????????sandara park???chundeong?????????????????????????XDDDD', 'zh', 0, NULL, NULL, NULL),
(408384402603769856, NULL, NULL, 1174500691, NULL, '2013-12-05 00:56:43', '<a href="http://blackberry.com/twitter" rel="nofollow">Twitter for BlackBerry®</a>', 'Kee korea vi@ :D"@Whindy_oktavia: Haha, yy. Tp srius la mbeb ajak ke mn?"@amal_oktavia"', 'in', 0, NULL, NULL, NULL),
(408384404113731584, NULL, NULL, 16100794, NULL, '2013-12-05 00:56:44', '<a href="http://www.facebook.com/twitter" rel="nofollow">Facebook</a>', 'http://t.co/wTHPBh18Am... http://t.co/SBmeagLwp8', 'und', 0, NULL, NULL, NULL),
(408384409176662016, NULL, NULL, 120958343, NULL, '2013-12-05 00:56:45', '<a href="http://instagram.com" rel="nofollow">Instagram</a>', 'Starbucks (Korea) mug for sale. PM me for details.\nRG @chicho_santos: Collectors!!! Pm me!:) #forsale… http://t.co/GsVQlwKx3n', 'en', 0, 0, NULL, NULL),
(408384415099015169, NULL, NULL, 1122298351, 408357016479236096, '2013-12-05 00:56:46', '<a href="http://www.tweetcaster.com" rel="nofollow">TweetCaster for Android</a>', 'RT @PrivacyBaro: De NSA krijgt de locatiegegevens van mobiele telefoons wereldwijd via medewerking van enkele telecomproviders. http://t.co…', 'nl', 3, NULL, NULL, NULL),
(408384420639297536, NULL, NULL, 285966757, NULL, '2013-12-05 00:56:47', '<a href="http://twitterfeed.com" rel="nofollow">twitterfeed</a>', 'Red-hot Actors Jung Woo and Kim Woo Bin Highly Sought After by Film Industry: Actors Jung Woo and... http://t.co/whD1Vb7Uc0 #korea #news', 'en', 0, 1, NULL, NULL),
(408384430252630017, NULL, NULL, 20628807, NULL, '2013-12-05 00:56:50', '<a href="https://about.twitter.com/products/tweetdeck" rel="nofollow">TweetDeck</a>', '“Feels like North Korea up in here” same.', 'en', 0, 1, NULL, NULL),
(408384433159696387, NULL, NULL, 286217515, 408358901126823937, '2013-12-05 00:56:50', '<a href="http://twitter.com" rel="nofollow">Twitter Web Client</a>', 'RT @Thomas_Drake1: Breaking: NSA tracking location on huge number cellphones worldwide. Welcome to the digital panopticon. Can you hide? ht…', 'en', 74, 0, NULL, NULL),
(408384443997368321, NULL, NULL, 1132795518, NULL, '2013-12-05 00:56:53', 'web', 'RT: Snowden leak reveals NSA tracks cell phone locations on unprecedented scale - report http://t.co/6ivrKNU19n', 'en', 0, -1, NULL, NULL),
(408384444827840512, NULL, NULL, 7074962, 408336992733118465, '2013-12-05 00:56:53', '<a href="http://twitter.com" rel="nofollow">Twitter Web Client</a>', 'RT @xor: You know how your cell phone is really a tracking device? Well, turns out your cell phone is really a tracking device http://t.co/…', 'en', 38, 1, NULL, NULL),
(408384446321020928, NULL, NULL, 1323024642, 408340594637799425, '2013-12-05 00:56:54', '<a href="http://twitter.com" rel="nofollow">Twitter Web Client</a>', 'RT @fr_schirrmacher: 5 billions per day: NSA tracking cellphone locations worldwide, Snowden documents show http://t.co/FPmE4ptT84', 'en', 36, 0, NULL, NULL),
(408384450628562944, NULL, NULL, 215875510, 407079984344223746, '2013-12-05 00:56:55', '<a href="http://twitter.com/download/android" rel="nofollow">Twitter for Android</a>', 'RT @patriamea: ?? ?? ''??''! RT @chaje012: ??? ???? ??? ????... S.Korea & N.Korea http://t.co/Zf81vJ4dsm', 'ko', 381, NULL, NULL, NULL),
(408384457058430976, NULL, NULL, 40976508, NULL, '2013-12-05 00:56:56', '<a href="http://twitterfeed.com" rel="nofollow">twitterfeed</a>', 'Publishing News Rieder: ''Guardian'' deserves praise for Snowden work http://t.co/oVbJUtuDZo', 'en', 0, 1, NULL, NULL),
(408384462175494144, NULL, NULL, 386350932, 408383845197545472, '2013-12-05 00:56:57', '<a href="http://twitter.com/download/android" rel="nofollow">Twitter for Android</a>', 'RT @rcooley123: Edward Snowden and Glenn Greenwald: The Men Who Leaked the NSA''s Secrets | Politics News | Rolling Stone http://t.co/ZHhXjn…', 'en', 5, 0, NULL, NULL),
(408384463610343424, NULL, NULL, 189332529, NULL, '2013-12-05 00:56:58', '<a href="http://www.tumblr.com/" rel="nofollow">Tumblr</a>', 'Video: fyeah-vixx: [CUT] 131204 VIXX @ KBS Happy Korea http://t.co/t5t96GAslq', 'vi', 0, NULL, NULL, NULL),
(408384470652157952, NULL, NULL, 311563960, NULL, '2013-12-05 00:56:59', '<a href="http://twitter.com/download/iphone" rel="nofollow">Twitter for iPhone</a>', '9 de la mañana y todo listo para el gp de Korea en 1h:30 al tajo con@lauragomezjudo @sugoi66', 'es', 2, NULL, NULL, NULL),
(408384473210695681, NULL, NULL, 426762373, NULL, '2013-12-05 00:57:00', '<a href="http://blackberry.com/twitter" rel="nofollow">Twitter for BlackBerry®</a>', 'Hei maniak korea @ajengrestuwdys HBD yo, bsa kali joget2 ala girls band hahaha', 'tl', 1, NULL, NULL, NULL),
(408384473307156480, NULL, NULL, 136810118, NULL, '2013-12-05 00:57:00', 'web', 'omfg *dies* SO hot + sweet! "@LSG_korea LEE SEUNG GI REQUEST STAGE ?Valentine''s? http://t.co/754t4yVf9b @Koari_korea http://t.co/VwAsHkRUb7"', 'en', 4, 1, NULL, NULL),
(408384476243177472, NULL, NULL, 56207784, NULL, '2013-12-05 00:57:01', '<a href="http://twitter.com/download/android" rel="nofollow">Twitter for Android</a>', '#NSA tracking 5 billion #cell #phones worldwide including #US.   http://t.co/1qxASPdFxE', 'en', 0, 0, NULL, NULL),
(408384485218992128, NULL, NULL, 1242982548, NULL, '2013-12-05 00:57:03', '<a href="http://blackberry.com/twitter" rel="nofollow">Twitter for BlackBerry®</a>', 'Isuk2 wes dikei lagu korea an bek Kiss Fm..', 'in', 0, NULL, NULL, NULL),
(408384489669541888, NULL, NULL, 513917798, NULL, '2013-12-05 00:57:04', '<a href="http://twitter.com/download/android" rel="nofollow">Twitter for Android</a>', '@sj_illikeThis  @korea_1995 @Lom_1995 ??? ???? ?????? ?????? ?? ?????? ?????', 'ar', 1, NULL, NULL, 408383258171154432),
(408384490210619393, NULL, NULL, 265406861, 408224500187021313, '2013-12-05 00:57:04', '<a href="http://twitter.com" rel="nofollow">Twitter Web Client</a>', 'RT @bigbangupdates: G-Dragon Leaving Osaka and Arriving in Korea (131204) [PHOTO] http://t.co/AVrCVvRDwe', 'en', 39, 0, NULL, NULL),
(408384492869787649, NULL, NULL, 396353004, 400273699997097984, '2013-12-05 00:57:05', '<a href="http://twitter.com/download/iphone" rel="nofollow">Twitter for iPhone</a>', 'RT @pertylilpothead: Hahahahahahahaha !!! "@Gotham3: Absolutely shocking!! Leaked photo proof of Barack Obama spying on Angela Merkel. http…', 'en', 9, -1, NULL, NULL),
(408384496887922689, NULL, NULL, 21161888, NULL, '2013-12-05 00:57:06', '<a href="http://www.socialoomph.com" rel="nofollow">SocialOomph</a>', 'One Major Screwup Could Get The Guardian In Trouble Over Snowden Leaks ~ via Business Insider http://t.co/DFg2y1REwO', 'en', 1, -1, NULL, NULL),
(408384507754995712, NULL, NULL, 469702816, NULL, '2013-12-05 00:57:08', 'web', '@TIME SNOWDEN', 'en', 0, 0, NULL, 408374205281865728),
(408384517360336897, NULL, NULL, 19416649, NULL, '2013-12-05 00:57:11', '<a href="http://twitterrific.com" rel="nofollow">Twitterrific for Mac</a>', 'RT @GuardianUS NSA gathering 5bn cell phone records daily, Snowden documents show http://t.co/tsjOqwHic4', 'en', 4, 0, NULL, NULL),
(408384528860733443, NULL, NULL, 1661983705, 408328483375304704, '2013-12-05 00:57:13', '<a href="http://twitter.com" rel="nofollow">Twitter Web Client</a>', 'RT @CabeKshopStuff: [PO s/d 10 Des] Suka Korea Blm lengkap kalau blom punya korean gloves,di cek ya gambarnya, Order Now :) http://t.co/iea…', 'in', 2, NULL, NULL, NULL),
(408384529087201280, NULL, NULL, 1262275483, 408338718605332481, '2013-12-05 00:57:13', '<a href="http://twitter.com" rel="nofollow">Twitter Web Client</a>', 'RT @EFF: BREAKING: NSA is tracking cellphone locations worldwide in a database containing hundreds of millions of devices. https://t.co/BRI…', 'en', 821, -1, NULL, NULL),
(408384533965205504, NULL, NULL, 331109610, 408372795773423616, '2013-12-05 00:57:14', '<a href="http://twitter.com/carbonandroid" rel="nofollow">Carbon for Android</a>', 'RT @TelegraphNews: The NSA tracks over five billion calls a day worldwide, new Edward Snowden leak reveals http://t.co/mFPrVHG67v', 'en', 30, -1, NULL, NULL),
(408384540093075456, NULL, NULL, 215478601, NULL, '2013-12-05 00:57:16', '<a href="http://blackberry.com/twitter" rel="nofollow">Twitter for BlackBerry®</a>', '@wikinoticias NSA a todo el mundo espìa! Es un abuso. Viva #Snowden y #Assange.', 'es', 1, NULL, NULL, 408375226419150848),
(408384548947259393, NULL, NULL, 828501943, NULL, '2013-12-05 00:57:18', '<a href="http://www.twisuke.com" rel="nofollow">????</a>', '????????????????????????????????????????? #korea #kpop #?? #?? http://t.co/jvEimas4Ms', 'ja', 0, NULL, NULL, NULL),
(408384549614526465, NULL, NULL, 16195030, NULL, '2013-12-05 00:57:18', '<a href="http://benton.org" rel="nofollow">Benton Foundation Integration</a>', 'British news staff may face terrorism charges over Snowden leaks http://t.co/r7x3Hg78t7', 'en', 0, -1, NULL, NULL),
(408384550549463040, NULL, NULL, 59098802, NULL, '2013-12-05 00:57:18', '<a href="http://twitter.com/tweetbutton" rel="nofollow">Tweet Button</a>', '#F1 2014 Formula 1 schedule finalised without Korea, New Jersey, Mexico http://t.co/bKNUVupAAL @autosportnews????', 'ja', 0, NULL, NULL, NULL),
(408384552248164352, NULL, NULL, 634114130, 408358901126823937, '2013-12-05 00:57:19', '<a href="http://twitter.com/download/iphone" rel="nofollow">Twitter for iPhone</a>', 'RT @Thomas_Drake1: Breaking: NSA tracking location on huge number cellphones worldwide. Welcome to the digital panopticon. Can you hide? ht…', 'en', 74, 0, NULL, NULL),
(408384554257219584, NULL, NULL, 214704580, NULL, '2013-12-05 00:57:19', 'web', 'Sera, Erine, Kyungri y Eunji bailando Glue en Top Gear Korea http://t.co/pf17dzt77M\n\nDSJAÑLFSDK MAÑANA <3', 'es', 0, NULL, NULL, NULL),
(408384557378199553, NULL, NULL, 871165706, NULL, '2013-12-05 00:57:20', '<a href="http://www.facebook.com/twitter" rel="nofollow">Facebook</a>', 'Guardian Blasts US, UK ''Intimidation'' Over Snowden Leaks http://t.co/SMODboPlCl http://t.co/6iIuCZEsOh', 'en', 0, -1, NULL, NULL),
(408384559437189120, NULL, NULL, 871165706, NULL, '2013-12-05 00:57:21', '<a href="http://publicize.wp.com/" rel="nofollow">WordPress.com</a>', 'Guardian Blasts US, UK ''Intimidation'' Over Snowden Leaks http://t.co/k5uGR8r8NV', 'en', 0, -1, NULL, NULL),
(408384569390673920, NULL, NULL, 871165706, NULL, '2013-12-05 00:57:23', '<a href="http://www.tumblr.com/" rel="nofollow">Tumblr</a>', 'Guardian Blasts US, UK ''Intimidation'' Over Snowden Leaks - Alan Rusbridger, the top editor for The... http://t.co/i5ebg4G5bj', 'en', 0, -1, NULL, NULL),
(408384570917392384, NULL, NULL, 76442231, NULL, '2013-12-05 00:57:23', '<a href="http://www.facebook.com/twitter" rel="nofollow">Facebook</a>', 'Illinit/ ??? \nRelease Date / Yay?nlanma Tarihi: 2013.12.03\nGenre / Tür: Hip-Hop\nLanguage / Dili: Korean / Korece... http://t.co/65aFTxSx14', 'ko', 0, NULL, NULL, NULL),
(408384577083043840, NULL, NULL, 21630742, NULL, '2013-12-05 00:57:25', '<a href="http://www.apple.com" rel="nofollow">iOS</a>', 'NSA tracking cellphone locations worldwide, Snowden documents show.  And no one cares. http://t.co/ymswwNJpTN', 'en', 0, 0, NULL, NULL),
(408384577711783936, NULL, NULL, 15990298, NULL, '2013-12-05 00:57:25', '<a href="http://tapbots.com/tweetbot" rel="nofollow">Tweetbot for iOS</a>', 'We''re all ready for Edward Snowden to be TIME''s Person of the Year, right?', 'en', 1, 1, NULL, NULL),
(408384580526157824, NULL, NULL, 634114130, 408359424080633856, '2013-12-05 00:57:26', '<a href="http://twitter.com/download/iphone" rel="nofollow">Twitter for iPhone</a>', 'RT @grasswire: Breaking: The U.S. is gathering 5,000,000,000 records per day on locations of cellphones around the world http://t.co/ZyNO9d…', 'en', 31, -1, NULL, NULL),
(408384585261527040, NULL, NULL, 762867907, NULL, '2013-12-05 00:57:27', '<a href="http://twitter.com/download/android" rel="nofollow">Twitter for Android</a>', '@theSTAR_korea [???]?????! ??????????????. ?? ??????? ????? ????????????? ??? ?????????! ???? ????????? ???????????????!', 'ko', 0, NULL, NULL, NULL),
(408384594866864129, NULL, NULL, 1026314035, 408383131805569024, '2013-12-05 00:57:29', '<a href="http://twitter.com/download/iphone" rel="nofollow">Twitter for iPhone</a>', 'RT @schestowitz: RT @wikileaks Guardian Editor on #Snowden cache: "stuff in there about Iraq & Afg.. we''re not even going to look at it" >>…', 'en', 1, 0, NULL, NULL),
(408384596817231872, NULL, NULL, 628034030, 408382068851089408, '2013-12-05 00:57:29', '<a href="http://blackberry.com/twitter" rel="nofollow">Twitter for BlackBerry®</a>', 'RT @GetFiitFast: Don''t compare your results to someone else''s. You can never be another person, you can only be a better version of yoursel…', 'en', 50, 1, NULL, NULL),
(408384615830024192, NULL, NULL, 1675841748, NULL, '2013-12-05 00:57:34', '<a href="http://techtalkking.tk" rel="nofollow">techtalkking</a>', 'More Snowden documents reveal the NSA''s alleged phone location tracking - http://t.co/ABeKkFaVXP  - #News', 'en', 0, 0, NULL, NULL),
(408384631076302848, NULL, NULL, 289107462, NULL, '2013-12-05 00:57:38', '<a href="http://ask.fm/" rel="nofollow">Ask.fm</a>', 'Do you have plans for visiting Korea sometime in the ... — Yes, I''ll definitely go there one day. I could never ... http://t.co/Q3pAALXzDE', 'en', 0, 0, NULL, NULL),
(408384633810612225, NULL, NULL, 315495725, 408364713857544192, '2013-12-05 00:57:38', '<a href="http://twitter.com/download/iphone" rel="nofollow">Twitter for iPhone</a>', 'RT @YourAnonNews: Breaking: Snowdon docs show NSA is tracking locations on huge number of cellphones worldwide http://t.co/KhTBo8M382', 'en', 131, -1, NULL, NULL),
(408384639653642240, NULL, NULL, 52598410, 408383887329353729, '2013-12-05 00:57:40', '<a href="http://twitter.com/download/android" rel="nofollow">Twitter for Android</a>', 'RT @Dra_Simone: El 99 por ciento de la información de Snowden está por publicar, según The Guardian http://t.co/yIt0G1X8xF via @scoopit', 'es', 2, NULL, NULL, NULL),
(408384651313815552, NULL, NULL, 585606597, NULL, '2013-12-05 00:57:42', '<a href="http://twitter.com/download/iphone" rel="nofollow">Twitter for iPhone</a>', '“@_Suit__Up: North and South Korea are sorting out their problems with a game of Yu-Gi-Oh cards! http://t.co/QeLf5uGfZA” @fuckcallvm ????', 'en', 1, -1, NULL, 407824393868677120),
(408384664600973312, NULL, NULL, 2172870530, 408348343601885184, '2013-12-05 00:57:46', '<a href="http://twitter.com" rel="nofollow">Twitter Web Client</a>', 'RT @ramsey: This is scary. If you have a cell phone, the NSA knows where you are, where you’ve been, & with whom you cross paths. http://t.…', 'en', 13, -1, NULL, NULL),
(408384671093751808, NULL, NULL, 2226820800, NULL, '2013-12-05 00:57:47', '<a href="http://twitterfeed.com" rel="nofollow">twitterfeed</a>', 'Otoritas F1 FIA sudah mengumumkan kalender F1 2014. Di kalender ini tak ada balapan di Amerika Serikat (New Jersey), Korea, dan Meksiko.', 'in', 0, NULL, NULL, NULL),
(408384674680291328, NULL, NULL, 528663010, 408381873232957440, '2013-12-05 00:57:48', '<a href="http://twitter.com/download/iphone" rel="nofollow">Twitter for iPhone</a>', 'RT @lizwahl: NSA tracking cellphone locations worldwide, Snowden documents show http://t.co/qwtj3WLb4b via @washingtonpost', 'en', 3, 0, NULL, NULL),
(408384684922400770, NULL, NULL, 217634501, 400273699997097984, '2013-12-05 00:57:50', '<a href="https://about.twitter.com/products/tweetdeck" rel="nofollow">TweetDeck</a>', 'RT @pertylilpothead: Hahahahahahahaha !!! "@Gotham3: Absolutely shocking!! Leaked photo proof of Barack Obama spying on Angela Merkel. http…', 'en', 9, -1, NULL, NULL),
(408384685618626560, NULL, NULL, 13075782, NULL, '2013-12-05 00:57:51', '<a href="http://twitter.com/tweetbutton" rel="nofollow">Tweet Button</a>', 'British news staff may face terrorism charges over Snowden leaks http://t.co/nQnVqhBlf7 LOL this is real life.', 'en', 0, -1, NULL, NULL),
(408384686746918912, NULL, NULL, 100154989, 408374073924669441, '2013-12-05 00:57:51', '<a href="http://twitter.com/download/android" rel="nofollow">Twitter for Android</a>', 'RT @DreamersRadioID: Sundubu Jjigae, Kuliner Korea yang Pas Dimakan Saat Hujan http://t.co/Ts8qn5Pie0', 'in', 5, NULL, NULL, NULL),
(408384689364557824, NULL, NULL, 585606597, 407824393868677120, '2013-12-05 00:57:52', '<a href="http://twitter.com/download/iphone" rel="nofollow">Twitter for iPhone</a>', 'RT @_Suit__Up: North and South Korea are sorting out their problems with a game of Yu-Gi-Oh cards! http://t.co/kxpLk3u7iv', 'en', 5, -1, NULL, NULL),
(408384699745071104, NULL, NULL, 522045940, NULL, '2013-12-05 00:57:54', '<a href="http://www.writelonger.com" rel="nofollow">Write Longer</a>', 'Selamat pagi kakak korea-bandung?? @dickymprasetyo', 'in', 0, NULL, NULL, NULL),
(408384700391391232, NULL, NULL, 513917798, 408381110347771906, '2013-12-05 00:57:54', '<a href="http://twitter.com/download/android" rel="nofollow">Twitter for Android</a>', 'RT @sj_illikeThis: @IAMTheQueenELF @Jungsu990728 RT???? ????? ?? ??? ???? ???? ?????? ?? ???  http://t.co/D6VventGcf @korea_1995 @Lom_1995 …', 'ar', 2, NULL, NULL, NULL),
(408384701263790080, NULL, NULL, 51462013, 408384105823223808, '2013-12-05 00:57:54', '<a href="http://twitter.com/download/iphone" rel="nofollow">Twitter for iPhone</a>', 'RT @mattbuchanan: practically every other sentence in this piece detailing the nsa''s massive location tracking program is devastating http:…', 'en', 15, -1, NULL, NULL),
(408384701351858177, NULL, NULL, 288390618, 408379174873604096, '2013-12-05 00:57:54', '<a href="http://twitter.com/#!/download/ipad" rel="nofollow">Twitter for iPad</a>', 'RT @wikileaks: Guardian Editor on #Snowden cache: "stuff in there about Iraq & Afg.. we''re not even going to look at it" (near end) http://…', 'en', 145, 0, NULL, NULL),
(408384710713540608, NULL, NULL, 1498743002, 408383611327356929, '2013-12-05 00:57:57', '<a href="https://roundteam.co" rel="nofollow">RoundTeam</a>', 'RT @PGPBOARD: : @ggreenwald fails 2 explain the #snowden travel debacle resulting in him being marooned in Russia See https://t.co/pX935m71…', 'en', 1, -1, NULL, NULL),
(408384715637665792, NULL, NULL, 1574237179, 408251011015249920, '2013-12-05 00:57:58', '<a href="http://twitter.com" rel="nofollow">Twitter Web Client</a>', 'RT @arusbridger: NYT story abt MP''s inquistion of Guardian: http://t.co/e4faCnkcMh and here is @GreensladeR : http://t.co/y7fpzObQ3d #NSA', 'en', 52, 0, NULL, NULL),
(408384720234246144, NULL, NULL, 619759430, 408365903089106945, '2013-12-05 00:57:59', '<a href="http://twitter.com" rel="nofollow">Twitter Web Client</a>', 'RT @wikileaks: NSA tracks 5 billion cellphone locations per day, world wide | WaPo\nhttp://t.co/FD6vZu2yqY More: http://t.co/c3QEeVTE8y #sno…', 'en', 295, 0, NULL, NULL),
(408384721723617280, NULL, NULL, 418161708, NULL, '2013-12-05 00:57:59', '<a href="http://twitter.com/#!/download/ipad" rel="nofollow">Twitter for iPad</a>', '@Chloe_Ralphs hope ur ok Hun xxxx', 'en', 0, 0, NULL, 408383477135200256),
(408384727130046464, NULL, NULL, 354373609, NULL, '2013-12-05 00:58:01', '<a href="http://twitter.com/download/iphone" rel="nofollow">Twitter for iPhone</a>', 'I rule North Korea in my spare time #KimJongConor http://t.co/gTeGKWXyvd', 'en', 0, 0, NULL, NULL),
(408384729973809152, NULL, NULL, 331921127, NULL, '2013-12-05 00:58:01', '<a href="http://www.google.com/" rel="nofollow">Google</a>', 'I added a video to a @YouTube playlist http://t.co/ziyfHuzTKK Inside North Korea (Part 1/3)', 'en', 0, 0, NULL, NULL);
INSERT INTO `tweets` (`id`, `coordinates_longitude`, `coordinates_latitude`, `users_id`, `is_retweet_of_id`, `created_at`, `source`, `text`, `iso_language_code`, `retweet_count`, `sentiment`, `sentiment_human_label`, `is_reply_to_status_id`) VALUES
(408384732872056832, NULL, NULL, 353461486, 408384577711783936, '2013-12-05 00:58:02', '<a href="http://tapbots.com/tweetbot" rel="nofollow">Tweetbot for iOS</a>', 'RT @brendanloy: We''re all ready for Edward Snowden to be TIME''s Person of the Year, right?', 'en', 1, 1, NULL, NULL),
(408384735011151872, NULL, NULL, 1726525238, 408185741752012800, '2013-12-05 00:58:02', '<a href="http://twitter.com/download/android" rel="nofollow">Twitter for Android</a>', 'RT @FFRNNUniversity: #FFRNN #CLASSROOM  #Snowden reveals HAARP''s Global Assassination Agenda  http://t.co/tTDlnUOjmH', 'en', 5, 0, NULL, NULL),
(408384744670257152, NULL, NULL, 1404059233, 402330498766475264, '2013-12-05 00:58:05', '<a href="http://twitter.com" rel="nofollow">Twitter Web Client</a>', 'RT @IzziLoveID: Mimpiku tahun ini ke KOREA! Wah, pas banget Mizzi, Izzi bagi2 tiket gratis ke KOREA lho. Cek infonya di http://t.co/l5GSuA1…', 'in', 512, NULL, NULL, NULL),
(408384745949900800, NULL, NULL, 227121527, 408379174873604096, '2013-12-05 00:58:05', '<a href="http://www.hootsuite.com" rel="nofollow">HootSuite</a>', 'RT @wikileaks: Guardian Editor on #Snowden cache: "stuff in there about Iraq & Afg.. we''re not even going to look at it" (near end) http://…', 'en', 145, 0, NULL, NULL),
(408384747593691136, NULL, NULL, 389809855, NULL, '2013-12-05 00:58:05', '<a href="http://www.facebook.com/twitter" rel="nofollow">Facebook</a>', 'Best Made In Korea #Reviews from #best_made_in_Korea at #amazon http://t.co/6W8PLsru5H', 'en', 0, 1, NULL, NULL),
(408384748969791488, NULL, NULL, 242832722, 408334695970381824, '2013-12-05 00:58:06', '<a href="http://twitter.com/download/iphone" rel="nofollow">Twitter for iPhone</a>', 'RT @bartongellman: NEW: NSA is bulk-collecting cell phone locations on a global scale. http://t.co/VLGjTic0ub With @ashk4n', 'en', 90, 0, NULL, NULL),
(408384750076702720, NULL, NULL, 328278834, NULL, '2013-12-05 00:58:06', '<a href="http://twitter.com/tweetbutton" rel="nofollow">Tweet Button</a>', '5 shocking new revelations on NSA cellphone tracking http://t.co/iwgpmi1lie via @motherjones', 'en', 0, -1, NULL, NULL),
(408384762261143552, NULL, NULL, 28009632, 408333062603563010, '2013-12-05 00:58:09', '<a href="http://twitter.com" rel="nofollow">Twitter Web Client</a>', 'RT @JameelJaffer: #NSA tracking cellphone locations worldwide, #Snowden docs show. http://t.co/eR9oD7ib4B', 'en', 13, 0, NULL, NULL),
(408384762676781056, NULL, NULL, 7493452, 407594630985707521, '2013-12-05 00:58:09', '<a href="http://tapbots.com/tweetbot" rel="nofollow">Tweetbot for iOS</a>', 'RT @timberners_lee: NSA files decoded: Edward Snowden''s surveillance revelations explained http://t.co/1h6SC40oSB via @guardian (with #wiza…', 'en', 119, 0, NULL, NULL),
(408384772453306369, NULL, NULL, 181867268, NULL, '2013-12-05 00:58:11', '<a href="http://www.facebook.com/twitter" rel="nofollow">Facebook</a>', 'http://t.co/8XNSqNO2y3', 'und', 0, NULL, NULL, NULL),
(408384778615156736, NULL, NULL, 290811933, NULL, '2013-12-05 00:58:13', '<a href="http://www.google.com/" rel="nofollow">Google</a>', 'Me ha gustado un vídeo de @YouTube (http://t.co/5oruwsL4vG - Super Junior(?????)_Victory Korea_MusicVideo).', 'ko', 0, NULL, NULL, NULL),
(408384781211422720, NULL, NULL, 604790946, 408365903089106945, '2013-12-05 00:58:13', '<a href="http://twitter.com/download/android" rel="nofollow">Twitter for Android</a>', 'RT @wikileaks: NSA tracks 5 billion cellphone locations per day, world wide | WaPo\nhttp://t.co/FD6vZu2yqY More: http://t.co/c3QEeVTE8y #sno…', 'en', 295, 0, NULL, NULL),
(408384782255792129, NULL, NULL, 1139952642, NULL, '2013-12-05 00:58:14', '<a href="https://mobile.twitter.com" rel="nofollow">Mobile Web (M5)</a>', 'How do they KNOW UK adversaries are ''rubbing their hands with glee'' and Al Qaeda is ''lapping it up''  Have they asked?\nhttp://t.co/SjqjyIhyuw', 'en', 0, 1, NULL, NULL),
(408384786156122112, NULL, NULL, 261541235, 408378684924366848, '2013-12-05 00:58:15', '<a href="http://blackberry.com/twitter" rel="nofollow">Twitter for BlackBerry®</a>', 'RT @FaktaGoogle: 76 persen dari wanita Korea Selatan umur 20-40 pernah menjalani operasi plastik. #8D', 'in', 72, NULL, NULL, NULL),
(408384796742524928, NULL, NULL, 170397578, 408384470652157952, '2013-12-05 00:58:17', '<a href="http://twitter.com/download/iphone" rel="nofollow">Twitter for iPhone</a>', 'RT @Kiyoshi_Uematsu: 9 de la mañana y todo listo para el gp de Korea en 1h:30 al tajo con@lauragomezjudo @sugoi66', 'es', 2, NULL, NULL, NULL),
(408384801469915136, NULL, NULL, 331921127, NULL, '2013-12-05 00:58:18', '<a href="http://www.google.com/" rel="nofollow">Google</a>', 'I added a video to a @YouTube playlist http://t.co/nMPxgDJonL Inside North Korea (Part 2/3)', 'en', 0, 0, NULL, NULL),
(408384815365226496, NULL, NULL, 21749564, 408384517360336897, '2013-12-05 00:58:22', '<a href="http://twitter.com/download/iphone" rel="nofollow">Twitter for iPhone</a>', 'RT @oldbot: RT @GuardianUS NSA gathering 5bn cell phone records daily, Snowden documents show http://t.co/tsjOqwHic4', 'en', 4, 0, NULL, NULL),
(408384819249545216, NULL, NULL, 14302341, 408378715509649408, '2013-12-05 00:58:23', '<a href="http://twitter.com/download/iphone" rel="nofollow">Twitter for iPhone</a>', 'RT @jongold: Absolute hero in the face of McCarthyist bullshit. “@wikileaks: Guardian Editor on #Snowden cache http://t.co/LIM2O2mZZN”', 'en', 4, 0, NULL, NULL),
(408384823057973248, NULL, NULL, 513917798, NULL, '2013-12-05 00:58:23', '<a href="http://twitter.com/download/android" rel="nofollow">Twitter for Android</a>', '@sj_illikeThis @korea_1995 ?????? ??? ??? ?????? ?????? ?????', 'ar', 0, NULL, NULL, 408367353273925632),
(408384825779707904, NULL, NULL, 427728145, NULL, '2013-12-05 00:58:24', 'web', '@helloitsliam Another example of how #powercorrupts within the #government. #NSA tracking cell phone locs worldwide. http://t.co/BOlSDPPZdB', 'en', 0, 0, NULL, NULL),
(408384827944353792, NULL, NULL, 42768424, 408379174873604096, '2013-12-05 00:58:25', '<a href="http://twitter.com/download/iphone" rel="nofollow">Twitter for iPhone</a>', 'RT @wikileaks: Guardian Editor on #Snowden cache: "stuff in there about Iraq & Afg.. we''re not even going to look at it" (near end) http://…', 'en', 145, 0, NULL, NULL),
(408384828673769473, NULL, NULL, 47856818, NULL, '2013-12-05 00:58:25', '<a href="http://www.wikitree.co.kr/" rel="nofollow">[????] ????</a>', '??? ?????? ?? ''???'' http://t.co/TNfMKIqrMf by @HujakAramice @ELLE_KOREA @taeccool 4? ?? ''?????'' ?? ???? ??? ?????. #????????', 'ko', 1, NULL, NULL, NULL),
(408384831152615424, NULL, NULL, 1382253470, NULL, '2013-12-05 00:58:25', '<a href="https://about.twitter.com/products/tweetdeck" rel="nofollow">TweetDeck</a>', '@jtimberlake please do the same thing to @ForvictoRi on Dec 12th. He is Seungri of Bigbang from South Korea.', 'en', 0, 0, NULL, 408374382432485376),
(408384832608432128, NULL, NULL, 2171658039, 408380705970728960, '2013-12-05 00:58:26', '<a href="http://twitter.com/download/iphone" rel="nofollow">Twitter for iPhone</a>', 'RT @ReadRealNews: Snowden leak reveals NSA tracks cell phone locations on unprecedented scale http://t.co/c0lMh6MVwO', 'en', 2, -1, NULL, NULL),
(408384837503168512, NULL, NULL, 331921127, NULL, '2013-12-05 00:58:27', '<a href="http://www.google.com/" rel="nofollow">Google</a>', 'I added a video to a @YouTube playlist http://t.co/yqgtnNr9i5 Inside North Korea (Part 3/3)', 'en', 0, 0, NULL, NULL),
(408384845115842560, NULL, NULL, 1122298351, 408354353247170560, '2013-12-05 00:58:29', '<a href="http://www.tweetcaster.com" rel="nofollow">TweetCaster for Android</a>', 'RT @PrivacyBaro: De NSA verzamelt dagelijks de locatiegegevens van miljoenen mobiele telefoons wereldwijd. http://t.co/s4qTNw1tGo” via @Wol…', 'nl', 5, NULL, NULL, NULL),
(408384853957414913, NULL, NULL, 426264361, 408338718605332481, '2013-12-05 00:58:31', '<a href="http://tapbots.com/tweetbot" rel="nofollow">Tweetbot for iOS</a>', 'RT @EFF: BREAKING: NSA is tracking cellphone locations worldwide in a database containing hundreds of millions of devices. https://t.co/BRI…', 'en', 821, -1, NULL, NULL),
(408384857371197440, NULL, NULL, 736278931, NULL, '2013-12-05 00:58:32', '<a href="http://twitter.com/download/android" rel="nofollow">Twitter for Android</a>', '@CocaCola_Korea ???! ?-? ??! ?? ??? ??? ?? ???! ??', 'ko', 0, NULL, NULL, NULL),
(408384859686445056, NULL, NULL, 16100794, NULL, '2013-12-05 00:58:32', '<a href="http://www.facebook.com/twitter" rel="nofollow">Facebook</a>', 'http://t.co/wTHPBh18Am... http://t.co/Ci9p1tCff0', 'und', 0, NULL, NULL, NULL),
(408384861120913408, NULL, NULL, 14909404, NULL, '2013-12-05 00:58:32', 'web', '"My friend Pete is teaching English in Korea, and for one of his classes, he had his students fill in some comics." --http://t.co/K5dLiVxSYn', 'en', 0, 0, NULL, NULL),
(408384861615833088, NULL, NULL, 1952810856, NULL, '2013-12-05 00:58:33', 'web', 'Korea will showcase its strengths in natural med & bioresources @ the Gangwon-Qld Bio Bus. event, Dec 17. Register - http://t.co/UhrFXChXlY', 'en', 0, 0, NULL, NULL),
(408384868314148864, NULL, NULL, 555004704, NULL, '2013-12-05 00:58:34', '<a href="http://twitter.com/download/android" rel="nofollow">Twitter for Android</a>', 'Korea itu negeri ginseng apa negeri bedak ya ?', 'in', 0, NULL, NULL, NULL),
(408384881040035840, NULL, NULL, 634116947, 408384255430230016, '2013-12-05 00:58:37', '<a href="http://twitter.com" rel="nofollow">Twitter Web Client</a>', 'RT @sNapPpeRHeaD: @Adamizer1, He tweeted Snowden is a traitor, then scrubbed it when the heat came down. it may still be in Topsy @y72i4ee1…', 'en', 2, -1, NULL, NULL),
(408384881530769408, NULL, NULL, 211335270, NULL, '2013-12-05 00:58:37', '<a href="http://twitter.com/download/android" rel="nofollow">Twitter for Android</a>', '@Alex_Snowden just being a softy! Thanks babe Xxxx', 'en', 0, 0, NULL, 408384721723617280),
(408384884046983168, NULL, NULL, 11604242, 408338718605332481, '2013-12-05 00:58:38', '<a href="http://tapbots.com/tweetbot" rel="nofollow">Tweetbot for iOS</a>', 'RT @EFF: BREAKING: NSA is tracking cellphone locations worldwide in a database containing hundreds of millions of devices. https://t.co/BRI…', 'en', 821, -1, NULL, NULL),
(408384884604821504, NULL, NULL, 464677989, NULL, '2013-12-05 00:58:38', '<a href="http://twitter.com/tweetbutton" rel="nofollow">Tweet Button</a>', 'Aku telah mengikuti IZZI Love Runner Game. Ayo ikutan dan dapatkan kesempatan ke Korea GRATIS bersama IZZI. http://t.co/rp1kpEHz9k', 'in', 0, NULL, NULL, NULL),
(408384885103931392, NULL, NULL, 1359832531, NULL, '2013-12-05 00:58:38', '<a href="https://mobile.twitter.com" rel="nofollow">Mobile Web (M2)</a>', 'cream korea import 5in1 hny 155rb... asli import bukn lokal y. 08990421686', 'in', 0, NULL, NULL, NULL),
(408384888573026304, NULL, NULL, 229823913, 408366346393894912, '2013-12-05 00:58:39', '<a href="http://twitter.com/download/android" rel="nofollow">Twitter for Android</a>', 'RT @disinformatico: L''NSA traccia 5 miliardi di posizioni di telefonini nel mondo. AL GIORNO. Inutile spegnere GPS http://t.co/uXWQ7LicqS', 'it', 79, NULL, NULL, NULL),
(408384898785767424, NULL, NULL, 1376649458, 408256815894253568, '2013-12-05 00:58:41', '<a href="http://twitter.com/download/android" rel="nofollow">Twitter for Android</a>', 'RT @GR_OwO: ?? ???? ???????? ????;;;;;;??????;;;;;??? ??? ?????..????????..??....????..?..??;;;; http://t.co/WFoZB7nvjr', 'ko', 775, NULL, NULL, NULL),
(408384914409541632, NULL, NULL, 1177768656, NULL, '2013-12-05 00:58:45', '<a href="http://blackberry.com/twitter" rel="nofollow">Twitter for BlackBerry®</a>', 'Maxi tribal dress (Import) 97ribu. Bahan: jersey korea http://t.co/OWBqvLikfO', 'in', 0, NULL, NULL, NULL),
(408384935175528448, NULL, NULL, 1518620408, NULL, '2013-12-05 00:58:50', '<a href="http://blackberry.com/twitter" rel="nofollow">Twitter for BlackBerry®</a>', 'Cantik sih tp palsu :(  "@FaktaGoogle: 76 persen dari wanita Korea Selatan umur 20-40 pernah menjalani operasi plastik. #8D"', 'in', 0, NULL, NULL, NULL),
(408384944059068416, NULL, NULL, 601481698, 408362682513756161, '2013-12-05 00:58:52', '<a href="http://twitter.com/download/android" rel="nofollow">Twitter for Android</a>', 'RT @EXOrdinaryFan: EXO -The piano baekhyun played in the mv costs 200 million won ($188,501) and it''s the only one in korea. http://t.co/ns…', 'en', 50, 1, NULL, NULL),
(408384949499068416, NULL, NULL, 49618091, 408333960746254337, '2013-12-05 00:58:54', '<a href="http://www.echofon.com/" rel="nofollow">Echofon</a>', 'RT @apblake: Fuckin'' adorabs: NSA uses a tool called CO-TRAVELER to track cell locations. It''s like they''re right there with ya! http://t.c…', 'en', 25, 1, NULL, NULL),
(408384969812094976, NULL, NULL, 17261094, 408383845197545472, '2013-12-05 00:58:58', '<a href="http://twitter.com/download/iphone" rel="nofollow">Twitter for iPhone</a>', 'RT @rcooley123: Edward Snowden and Glenn Greenwald: The Men Who Leaked the NSA''s Secrets | Politics News | Rolling Stone http://t.co/ZHhXjn…', 'en', 5, 0, NULL, NULL),
(408384974258446336, NULL, NULL, 365995381, 408340594637799425, '2013-12-05 00:58:59', '<a href="http://twitter.com/download/android" rel="nofollow">Twitter for Android</a>', 'RT @fr_schirrmacher: 5 billions per day: NSA tracking cellphone locations worldwide, Snowden documents show http://t.co/FPmE4ptT84', 'en', 36, 0, NULL, NULL),
(408384976837967872, NULL, NULL, 714434984, NULL, '2013-12-05 00:59:00', '<a href="https://mobile.twitter.com" rel="nofollow">Mobile Web (M5)</a>', 'Oh shit!!! I still like her!', 'en', 0, 0, NULL, NULL),
(408384978284584960, NULL, NULL, 143856744, NULL, '2013-12-05 00:59:00', '<a href="http://twitter.com/download/android" rel="nofollow">Twitter for Android</a>', '@tikotik berapa lama sih nek ? Udah berapa derajat di sana ? Bawain artis korea yah', 'in', 0, NULL, NULL, 408384588788940800),
(408384992394231808, NULL, NULL, 181867268, NULL, '2013-12-05 00:59:04', '<a href="http://www.facebook.com/twitter" rel="nofollow">Facebook</a>', 'http://t.co/tmO4qa3HJQ', 'und', 0, NULL, NULL, NULL),
(408384995934625792, NULL, NULL, 57474976, 408384245480960000, '2013-12-05 00:59:05', '<a href="http://twitter.com" rel="nofollow">Twitter Web Client</a>', 'RT @x_fausto: NSA tracking cellphone locations worldwide, Snowden documents show http://t.co/o2fC7oUhUO', 'en', 2, 0, NULL, NULL),
(408384999079936000, NULL, NULL, 597069206, 408354340991016961, '2013-12-05 00:59:05', '<a href="http://twitter.com/download/android" rel="nofollow">Twitter for Android</a>', 'RT @Chaohm_sik: [NEWS VID] ?ZE:A, First solo concert "illusionist" in Korea ?: http://t.co/YNR7rS15DA via @youtube [Cr:STARNEWS KOREA]', 'en', 1, 0, NULL, NULL),
(408385011335692288, NULL, NULL, 1023431881, 408379520929234944, '2013-12-05 00:59:08', '<a href="http://twitter.com" rel="nofollow">Twitter Web Client</a>', 'RT @BeyondHallyu: Some really interesting figures here about women in business in Korea http://t.co/CB3jqiXArv', 'en', 5, 1, NULL, NULL),
(408385025013346304, NULL, NULL, 251810891, NULL, '2013-12-05 00:59:12', '<a href="http://twitter.com/download/android" rel="nofollow">Twitter for Android</a>', '"@ReadRealNews: Snowden leak reveals NSA tracks cell phone locations on unprecedented scale http://t.co/paytALeYso"', 'en', 0, -1, NULL, NULL),
(408385033926217730, NULL, NULL, 57952011, NULL, '2013-12-05 00:59:14', '<a href="http://twitter.com/tweetbutton" rel="nofollow">Tweet Button</a>', 'U.S. warns South Korea about using Chinese telecom firm, fears possible Chinese spying http://t.co/9dbvlVPsjR', 'en', 0, -1, NULL, NULL),
(408385050837655552, NULL, NULL, 181867268, NULL, '2013-12-05 00:59:18', '<a href="http://www.facebook.com/twitter" rel="nofollow">Facebook</a>', 'http://t.co/o5oBxY8H2K', 'und', 0, NULL, NULL, NULL),
(408385052561530880, NULL, NULL, 49517025, 408384002140413953, '2013-12-05 00:59:18', '<a href="http://twitter.com" rel="nofollow">Twitter Web Client</a>', 'RT @BloombergNews: Kim Jong Un’s uncle unharmed in North Korean purge, minister says | http://t.co/L83PZLIURJ', 'en', 10, 0, NULL, NULL),
(408385054411218945, NULL, NULL, 1667909474, 408383998319407104, '2013-12-05 00:59:19', '<a href="http://twitter.com/download/android" rel="nofollow">Twitter for Android</a>', 'RT @stephencrose: Didn''t Snowden simply flip Big Brother so we could watch him?', 'en', 1, 0, NULL, NULL),
(408385058295144448, NULL, NULL, 290395588, NULL, '2013-12-05 00:59:19', '<a href="http://twitter.com/download/android" rel="nofollow">Twitter for Android</a>', 'TVM itu ceritanya kok mirip film korea ya. Ya mungkin cuma mirip enggak jiplak.', 'in', 0, NULL, NULL, NULL),
(408385062686568449, NULL, NULL, 1454416338, NULL, '2013-12-05 00:59:21', '<a href="http://twitterfeed.com" rel="nofollow">twitterfeed</a>', '#korea #usa #world Opinion: Train engineer likely to be indicted  http://t.co/2he7pqNzAp', 'en', 0, 0, NULL, NULL),
(408385062871105536, NULL, NULL, 1454416338, NULL, '2013-12-05 00:59:21', '<a href="http://twitterfeed.com" rel="nofollow">twitterfeed</a>', '#korea #usa #world Opinion: Train engineer likely to be indicted: \n    \n  http://t.co/2he7pqNzAp', 'en', 0, 0, NULL, NULL),
(408385063407996928, NULL, NULL, 1454416338, NULL, '2013-12-05 00:59:21', '<a href="http://twitterfeed.com" rel="nofollow">twitterfeed</a>', '#korea #usa #world FDA: Recalled defibrillators may fail during emergencies  http://t.co/2he7pqNzAp', 'en', 0, -1, NULL, NULL),
(408385063890333696, NULL, NULL, 1454416338, NULL, '2013-12-05 00:59:21', '<a href="http://twitterfeed.com" rel="nofollow">twitterfeed</a>', '#korea #usa #world FDA: Recalled defibrillators may fail during emergencies: \n    \n  http://t.co/2he7pqNzAp', 'en', 0, -1, NULL, NULL),
(408385064305561600, NULL, NULL, 1454416338, NULL, '2013-12-05 00:59:21', '<a href="http://twitterfeed.com" rel="nofollow">twitterfeed</a>', '#korea #usa #world ''Nirbhaya'' victim of India gang rape fought for justice  http://t.co/2he7pqNzAp', 'en', 0, -1, NULL, NULL),
(408385065245110272, NULL, NULL, 1454416338, NULL, '2013-12-05 00:59:21', '<a href="http://twitterfeed.com" rel="nofollow">twitterfeed</a>', '#korea #usa #world ''Nirbhaya'' victim of India gang rape fought for justice: \n    \n  http://t.co/2he7pqNzAp', 'en', 0, -1, NULL, NULL),
(408385065547071488, NULL, NULL, 1454416338, NULL, '2013-12-05 00:59:21', '<a href="http://twitterfeed.com" rel="nofollow">twitterfeed</a>', '#korea #usa #world Opinion: Why do French think Bob Dylan''s racist?  http://t.co/2he7pqNzAp', 'en', 0, -1, NULL, NULL),
(408385066205601793, NULL, NULL, 1454416338, NULL, '2013-12-05 00:59:21', '<a href="http://twitterfeed.com" rel="nofollow">twitterfeed</a>', '#korea #usa #world Opinion: Why do French think Bob Dylan''s racist?: \n    \n  http://t.co/2he7pqNzAp', 'en', 0, -1, NULL, NULL),
(408385066339799040, NULL, NULL, 1454416338, NULL, '2013-12-05 00:59:21', '<a href="http://twitterfeed.com" rel="nofollow">twitterfeed</a>', '#korea #usa #world CNN Student News - December 5, 2013  http://t.co/2he7pqNzAp', 'en', 0, 0, NULL, NULL),
(408385067094781952, NULL, NULL, 1454416338, NULL, '2013-12-05 00:59:22', '<a href="http://twitterfeed.com" rel="nofollow">twitterfeed</a>', '#korea #usa #world CNN Student News - December 5, 2013: \n    \n  http://t.co/2he7pqNzAp', 'en', 0, 0, NULL, NULL),
(408385069062303744, NULL, NULL, 411621494, NULL, '2013-12-05 00:59:22', '<a href="http://www.facebook.com/twitter" rel="nofollow">Facebook</a>', 'NSA tracks 5 billion cell phone locations a day http://t.co/wZ34uzFG9L', 'en', 0, 0, NULL, NULL),
(408385069498109952, NULL, NULL, 158123632, 408384204318474241, '2013-12-05 00:59:22', '<a href="http://twitter.com" rel="nofollow">Twitter Web Client</a>', 'RT @theburgerman: Snowden documents reveal NSA is tracking 5 million records per day on locations of global mobile phones. http://t.co/YDEM…', 'en', 2, 0, NULL, NULL),
(408385081384779776, NULL, NULL, 1450576392, NULL, '2013-12-05 00:59:25', '<a href="http://twitterfeed.com" rel="nofollow">twitterfeed</a>', '#korea #usa #news Mexico radioactive material found  http://t.co/PQsiQsTEZX', 'en', 0, 0, NULL, NULL),
(408385086975791104, NULL, NULL, 239369709, 397903424030658560, '2013-12-05 00:59:26', '<a href="http://socialad.blog.me" rel="nofollow">NextTok</a>', 'RT @PhilipsLife: [??? ????? ???? | ???? ??? 2? ???] ?? ?? ??? ?????? ?????? ?? ???? ????? ??? ??? ?????? ????? http://t.co/eXQFQqGGPL  http…', 'ko', 42, NULL, NULL, NULL),
(408385088356106240, NULL, NULL, 438195571, 408331491803136001, '2013-12-05 00:59:27', '<a href="http://www.flipboard.com" rel="nofollow">Flipboard</a>', 'RT @BreakingNews: NSA gathering nearly 5 billion records a day on the whereabouts of cellphones around the world - @washingtonpost http://t…', 'en', 364, 0, NULL, NULL),
(408385093250465792, NULL, NULL, 343677384, NULL, '2013-12-05 00:59:28', '<a href="http://blackberry.com/twitter" rel="nofollow">Twitter for BlackBerry®</a>', 'Kim Jong Un’s uncle unharmed in North Korean purge, minister says  http://t.co/cRXyzGSkdM', 'en', 0, 0, NULL, NULL),
(408385094223552513, NULL, NULL, 891399733, NULL, '2013-12-05 00:59:28', 'web', '@heecu99 @korea_1995 @Lom_1995 ?????????? ?????? ??? ???? ???? ??????,, ?????', 'ar', 0, NULL, NULL, 408384489669541888),
(408385097717391360, NULL, NULL, 1657837148, 408359424080633856, '2013-12-05 00:59:29', '<a href="http://twitter.com/download/android" rel="nofollow">Twitter for Android</a>', 'RT @grasswire: Breaking: The U.S. is gathering 5,000,000,000 records per day on locations of cellphones around the world http://t.co/ZyNO9d…', 'en', 31, -1, NULL, NULL),
(408385101329072128, NULL, NULL, 418161708, NULL, '2013-12-05 00:59:30', '<a href="http://twitter.com/#!/download/ipad" rel="nofollow">Twitter for iPad</a>', '@Chloe_Ralphs come beatherder and park life with me xxx :)', 'en', 0, 0, NULL, 408213703436558336),
(408385103799123968, NULL, NULL, 1832790530, 408384255430230016, '2013-12-05 00:59:30', '<a href="http://tweedleapp.com/" rel="nofollow"> Tweedle</a>', 'RT @sNapPpeRHeaD: @Adamizer1, He tweeted Snowden is a traitor, then scrubbed it when the heat came down. it may still be in Topsy @y72i4ee1…', 'en', 2, -1, NULL, NULL),
(408385104751247361, NULL, NULL, 181867268, NULL, '2013-12-05 00:59:31', '<a href="http://www.facebook.com/twitter" rel="nofollow">Facebook</a>', 'http://t.co/8ZZYajEzzl', 'und', 0, NULL, NULL, NULL),
(408385109033639936, NULL, NULL, 28009632, NULL, '2013-12-05 00:59:32', 'web', 'NSA: Stiill mindblowingly fukced up, tracking cellphone locations worldwide, Snowden documents show http://t.co/0ZIemLbscj', 'en', 0, 0, NULL, NULL),
(408385111822835712, NULL, NULL, 101371313, NULL, '2013-12-05 00:59:32', '<a href="http://twitter.com/tweetbutton" rel="nofollow">Tweet Button</a>', 'Affaire Snowden  et « 1984 » de Georges Orwell  http://t.co/rnYawLVrzL', 'fr', 0, NULL, NULL, NULL),
(408385117879414785, NULL, NULL, 34213670, NULL, '2013-12-05 00:59:34', '<a href="http://twitter.com/download/android" rel="nofollow">Twitter for Android</a>', '@AshleyLaTruly @MHPshow lol I like MHP for the most part but even she seemed like a marionette with her stance on Snowden - found it odd.', 'en', 0, 1, NULL, 408384044175355905),
(408385122795548672, NULL, NULL, 891399733, 408384489669541888, '2013-12-05 00:59:35', '<a href="http://twitter.com" rel="nofollow">Twitter Web Client</a>', 'RT @heecu99: @sj_illikeThis  @korea_1995 @Lom_1995 ??? ???? ?????? ?????? ?? ?????? ?????', 'ar', 1, NULL, NULL, NULL),
(408385124208631808, NULL, NULL, 164962070, NULL, '2013-12-05 00:59:35', '<a href="http://twitter.com/download/android" rel="nofollow">Twitter for Android</a>', '@mizusawamaki510 ?????  i.m korea fan of you Fighting and take care . happy!! we love mizusswa  ?????', 'en', 0, 1, NULL, 408064281393901568),
(408385129698963457, NULL, NULL, 49618091, 408334109048451072, '2013-12-05 00:59:37', '<a href="http://www.echofon.com/" rel="nofollow">Echofon</a>', 'RT @apblake: "The govnt is tracking people from afar into confidential business meetings or personal visits to medical facilities" http://t…', 'en', 12, 0, NULL, NULL),
(408385130869190656, NULL, NULL, 1658695717, NULL, '2013-12-05 00:59:37', 'web', 'NSA tracking cellphone locations worldwide, Snowden documents show http://t.co/tLEQVZpOfD', 'en', 0, 0, NULL, NULL),
(408385134002728960, NULL, NULL, 76442231, NULL, '2013-12-05 00:59:38', '<a href="http://www.facebook.com/twitter" rel="nofollow">Facebook</a>', 'Nine Muses (?????)\nRelease Date / Yay?nlanma Tarihi: 2013.12.04\nGenre / Tür: Dance Pop\nLanguage / Dili: Korean /... http://t.co/eJng5Rp4YX', 'ko', 0, NULL, NULL, NULL),
(408385135021531136, NULL, NULL, 1124693983, NULL, '2013-12-05 00:59:38', '<a href="http://blackberry.com/twitter" rel="nofollow">Twitter for BlackBerry®</a>', 'S. Korea''s economic growth hits over 2-year high in Q3 http://t.co/Y9PzGwjI6q"', 'en', 0, 0, NULL, NULL),
(408385142739054593, NULL, NULL, 1266119606, 408375575640686592, '2013-12-05 00:59:40', '<a href="http://twitter.com/download/android" rel="nofollow">Twitter for Android</a>', 'RT @burunghantu1913: 45. Contoh 1 modus saja : Penempatan TKI G to G ke Korea Selatan, rata2 10.000 / org per tahun. Pungli yang dikutip Ju…', 'in', 3, NULL, NULL, NULL),
(408385156810936320, NULL, NULL, 545729485, 408375787553705984, '2013-12-05 00:59:43', '<a href="http://twitter.com/download/iphone" rel="nofollow">Twitter for iPhone</a>', 'RT @libertyideals: NSA tracking cellphone locations worldwide, Snowden documents show #libertarian http://t.co/FozxZxuoVd', 'en', 3, 0, NULL, NULL),
(408385159466348544, NULL, NULL, 517022527, 408384651313815552, '2013-12-05 00:59:44', '<a href="http://twitter.com/download/iphone" rel="nofollow">Twitter for iPhone</a>', 'RT @callumhoeyy: “@_Suit__Up: North and South Korea are sorting out their problems with a game of Yu-Gi-Oh cards! http://t.co/QeLf5uGfZA” @…', 'en', 1, -1, NULL, NULL),
(408385161743826944, NULL, NULL, 205137691, NULL, '2013-12-05 00:59:44', '<a href="http://www.facebook.com/twitter" rel="nofollow">Facebook</a>', '[????>????]\n:???, ??? ????>?? ???? ??? ??? ?? ??\n??\n\n????, ??·???? ?? ?? ??\n??·??? ? ???? ???? ??\n\n*???????? ????... http://t.co/4MLO9UD1pJ', 'ko', 0, NULL, NULL, NULL),
(408385162641018881, NULL, NULL, 33705455, 408338718605332481, '2013-12-05 00:59:44', '<a href="http://www.myplume.com/" rel="nofollow">Plume for Android</a>', 'RT @EFF: BREAKING: NSA is tracking cellphone locations worldwide in a database containing hundreds of millions of devices. https://t.co/BRI…', 'en', 821, -1, NULL, NULL),
(408385172355047424, NULL, NULL, 704632218, 408239787363934208, '2013-12-05 00:59:47', '<a href="https://mobile.twitter.com" rel="nofollow">Mobile Web (M2)</a>', 'RT @smbabies: "the piano baekhyun played in the mv costs 200 million won and it''s the only one in korea"\n\nWHAT?\n\nreally ? yayy sm finally u…', 'en', 46, 1, NULL, NULL),
(408385172573536256, NULL, NULL, 150039753, 408338718605332481, '2013-12-05 00:59:47', '<a href="http://www.tweetcaster.com" rel="nofollow">TweetCaster for Android</a>', 'RT @EFF: BREAKING: NSA is tracking cellphone locations worldwide in a database containing hundreds of millions of devices. https://t.co/BRI…', 'en', 821, -1, NULL, NULL),
(408385173214883840, NULL, NULL, 242217819, 408378684924366848, '2013-12-05 00:59:47', '<a href="http://blackberry.com/twitter" rel="nofollow">Twitter for BlackBerry®</a>', 'RT @FaktaGoogle: 76 persen dari wanita Korea Selatan umur 20-40 pernah menjalani operasi plastik. #8D', 'in', 72, NULL, NULL, NULL),
(408385176280920064, NULL, NULL, 1585290692, NULL, '2013-12-05 00:59:48', '<a href="http://twitter.com/download/android" rel="nofollow">Twitter for Android</a>', 'Kim Myonju, the champion of The Voice Korea Kids will release her first single along with BEAST Yoseop http://t.co/CAOaYKhUFc', 'en', 0, 1, NULL, NULL),
(408385176977551360, NULL, NULL, 427287109, 408379174873604096, '2013-12-05 00:59:48', '<a href="http://twitter.com" rel="nofollow">Twitter Web Client</a>', 'RT @wikileaks: Guardian Editor on #Snowden cache: "stuff in there about Iraq & Afg.. we''re not even going to look at it" (near end) http://…', 'en', 145, 0, NULL, NULL),
(408385194257690624, NULL, NULL, 350079556, 408378684924366848, '2013-12-05 00:59:52', '<a href="http://www.tweetcaster.com" rel="nofollow">TweetCaster for Android</a>', 'RT @FaktaGoogle: 76 persen dari wanita Korea Selatan umur 20-40 pernah menjalani operasi plastik. #8D', 'in', 72, NULL, NULL, NULL),
(408385199630598144, NULL, NULL, 37005676, NULL, '2013-12-05 00:59:53', '<a href="http://twitter.com/tweetbutton" rel="nofollow">Tweet Button</a>', 'NSA tracking cellphone locations worldwide, Snowden documents show - The Washington Post http://t.co/vkz9VSs2bb', 'en', 0, 0, NULL, NULL),
(408385203409670144, NULL, NULL, 546798456, NULL, '2013-12-05 00:59:54', '<a href="https://about.twitter.com/products/tweetdeck" rel="nofollow">TweetDeck</a>', '@_jiseoks i cant find ccm''s fan address or if they have one but i think u use this\n269-7, Nonhyeon 2-dong \nGangnam-gu, Seoul, Korea', 'en', 0, 0, NULL, 408369977796730881),
(408385208040169472, NULL, NULL, 1266119606, 408375661695225856, '2013-12-05 00:59:55', '<a href="http://twitter.com/download/android" rel="nofollow">Twitter for Android</a>', 'RT @burunghantu1913: 46. Dari 10.000 Calon TKI yg akan ditempatkan di Korea dgn schema G to G, @jumhurhidayat sdh kantongi uang pungli 150-…', 'in', 5, NULL, NULL, NULL),
(408385215078211584, NULL, NULL, 3701471, NULL, '2013-12-05 00:59:57', 'web', 'RT @washingtonpost NSA tracking people into meetings, personal visits, medical facilities, hotels & private homes http://t.co/41p6sLW6YZ?', 'en', 0, 0, NULL, 408340804139495424);

-- --------------------------------------------------------

--
-- Tabellenstruktur für Tabelle `tweets_has_hashtags`
--

CREATE TABLE IF NOT EXISTS `tweets_has_hashtags` (
  `tweets_id` bigint(20) unsigned NOT NULL,
  `hashtags_id` int(10) unsigned NOT NULL,
  PRIMARY KEY (`tweets_id`,`hashtags_id`),
  KEY `fk_tweets_has_hashtags_hashtags1_idx` (`hashtags_id`),
  KEY `fk_tweets_has_hashtags_tweets1_idx` (`tweets_id`)
) ENGINE=InnoDB DEFAULT CHARSET=utf8mb4;

--
-- Daten für Tabelle `tweets_has_hashtags`
--

INSERT INTO `tweets_has_hashtags` (`tweets_id`, `hashtags_id`) VALUES
(408185741752012800, 1),
(408333062603563010, 1),
(408365903089106945, 1),
(408378715509649408, 1),
(408379174873604096, 1),
(408380005933391872, 1),
(408383131805569024, 1),
(408383611327356929, 1),
(408384216637120512, 1),
(408384324908482560, 1),
(408384353686007808, 1),
(408384400926076928, 1),
(408384540093075456, 1),
(408384594866864129, 1),
(408384701351858177, 1),
(408384710713540608, 1),
(408384735011151872, 1),
(408384745949900800, 1),
(408384762261143552, 1),
(408384819249545216, 1),
(408384827944353792, 1),
(408385176977551360, 1),
(408375787553705984, 3),
(408385156810936320, 3),
(408384825779707904, 7),
(408384825779707904, 8),
(408245605535072256, 9),
(408251011015249920, 9),
(408333062603563010, 9),
(408362683826982913, 9),
(408376744006389760, 9),
(408376932204834816, 9),
(408380005933391872, 9),
(408382169795788800, 9),
(408384227810762752, 9),
(408384316742201344, 9),
(408384324908482560, 9),
(408384476243177472, 9),
(408384715637665792, 9),
(408384762261143552, 9),
(408384825779707904, 9),
(408384292965072896, 13),
(408384327475789824, 13),
(408384720234246144, 13),
(408384781211422720, 13),
(407594630985707521, 14),
(408384762676781056, 15),
(408185741752012800, 22),
(408384735011151872, 22),
(408185741752012800, 23),
(408384735011151872, 23),
(408383611327356929, 33),
(408384540093075456, 33),
(408384420639297536, 37),
(408384615830024192, 37),
(408385081384779776, 37),
(408383131805569024, 39),
(408384476243177472, 44),
(408384476243177472, 45),
(408384476243177472, 46),
(408362683826982913, 58),
(408384227810762752, 58),
(408212665970851840, 63),
(408384182499696640, 64),
(408382169795788800, 66),
(408374314069549056, 67),
(408375057971310592, 67),
(408375975341490176, 67),
(408376932204834816, 67),
(408380005933391872, 67),
(408382169795788800, 67),
(408382169795788800, 68),
(408382169795788800, 69),
(408382169795788800, 70),
(408380005933391872, 71),
(408380005933391872, 75),
(408375607584505856, 76),
(408379181081194496, 76),
(408378925098627072, 77),
(408378925098627072, 78),
(408377751351992320, 79),
(408376932204834816, 80),
(408376932204834816, 81),
(408376932204834816, 84),
(408245605535072256, 85),
(408376744006389760, 85),
(408245605535072256, 87),
(408376285488893952, 90),
(408375057971310592, 92),
(408375975341490176, 92),
(408375760261349376, 95),
(408374314069549056, 99),
(408374314069549056, 101),
(408273094675951616, 102),
(408372346785767424, 103),
(408372031466389504, 104),
(408368608725983232, 105),
(408367280917975040, 106),
(408378684924366848, 107),
(408384786156122112, 107),
(408384935175528448, 107),
(408385173214883840, 107),
(408385194257690624, 107),
(408384364150403072, 111),
(408384367161905152, 111),
(408384370311827457, 111),
(408384373344321536, 111),
(408384376343252992, 111),
(408384379371528192, 111),
(408384382710190080, 111),
(408384385960787968, 111),
(408384389140070401, 111),
(408384392344518656, 111),
(408384420639297536, 111),
(408384548947259393, 111),
(408385062686568449, 111),
(408385062871105536, 111),
(408385063407996928, 111),
(408385063890333696, 111),
(408385064305561600, 111),
(408385065245110272, 111),
(408385065547071488, 111),
(408385066205601793, 111),
(408385066339799040, 111),
(408385067094781952, 111),
(408385081384779776, 111),
(408385062686568449, 112),
(408385062871105536, 112),
(408385063407996928, 112),
(408385063890333696, 112),
(408385064305561600, 112),
(408385065245110272, 112),
(408385065547071488, 112),
(408385066205601793, 112),
(408385066339799040, 112),
(408385067094781952, 112),
(408385081384779776, 112),
(408385062686568449, 116),
(408385062871105536, 116),
(408385063407996928, 116),
(408385063890333696, 116),
(408385064305561600, 116),
(408385065245110272, 116),
(408385065547071488, 116),
(408385066205601793, 116),
(408385066339799040, 116),
(408385067094781952, 116),
(408384828673769473, 145),
(408384747593691136, 148),
(408384747593691136, 149),
(408384747593691136, 150),
(408384727130046464, 151),
(408384550549463040, 152),
(408384548947259393, 154),
(408384364150403072, 155),
(408384367161905152, 155),
(408384370311827457, 155),
(408384373344321536, 155),
(408384376343252992, 155),
(408384379371528192, 155),
(408384382710190080, 155),
(408384385960787968, 155),
(408384389140070401, 155),
(408384392344518656, 155),
(408384548947259393, 155),
(408384548947259393, 156),
(408384409176662016, 159),
(408384364150403072, 160),
(408384367161905152, 160),
(408384370311827457, 160),
(408384373344321536, 160),
(408384376343252992, 160),
(408384379371528192, 160),
(408384382710190080, 160),
(408384385960787968, 160),
(408384389140070401, 160),
(408384392344518656, 160),
(408384364150403072, 163),
(408384367161905152, 163),
(408384370311827457, 163),
(408384373344321536, 163),
(408384376343252992, 163),
(408384379371528192, 163),
(408384382710190080, 163),
(408384385960787968, 163),
(408384389140070401, 163),
(408384392344518656, 163),
(408382639641350144, 192),
(408384367816224768, 192),
(408353159900184576, 202),
(408379286270525442, 202),
(408353159900184576, 203),
(408379286270525442, 203),
(408353159900184576, 204),
(408379286270525442, 204),
(408371438941642754, 208),
(408364588280057858, 209),
(408364588280057858, 210),
(408364588280057858, 211),
(408364588280057858, 212);

-- --------------------------------------------------------

--
-- Tabellenstruktur für Tabelle `tweets_has_search_terms`
--

CREATE TABLE IF NOT EXISTS `tweets_has_search_terms` (
  `tweets_id` bigint(20) unsigned NOT NULL,
  `search_terms_id` int(10) unsigned NOT NULL,
  PRIMARY KEY (`tweets_id`,`search_terms_id`),
  KEY `fk_tweets_has_search_terms_search_terms1_idx` (`search_terms_id`),
  KEY `fk_tweets_has_search_terms_tweets1_idx` (`tweets_id`)
) ENGINE=InnoDB DEFAULT CHARSET=utf8mb4;

--
-- Daten für Tabelle `tweets_has_search_terms`
--

INSERT INTO `tweets_has_search_terms` (`tweets_id`, `search_terms_id`) VALUES
(408384182499696640, 1),
(408384192154566656, 1),
(408384204318474241, 1),
(408384216637120512, 1),
(408384227810762752, 1),
(408384245480960000, 1),
(408384255430230016, 1),
(408384284542500864, 1),
(408384292965072896, 1),
(408384316742201344, 1),
(408384322647756800, 1),
(408384324908482560, 1),
(408384327475789824, 1),
(408384334702182400, 1),
(408384337407905793, 1),
(408384353686007808, 1),
(408384367610720256, 1),
(408384369812713472, 1),
(408384400926076928, 1),
(408384404113731584, 1),
(408384415099015169, 1),
(408384433159696387, 1),
(408384443997368321, 1),
(408384444827840512, 1),
(408384446321020928, 1),
(408384457058430976, 1),
(408384462175494144, 1),
(408384476243177472, 1),
(408384496887922689, 1),
(408384507754995712, 1),
(408384517360336897, 1),
(408384529087201280, 1),
(408384533965205504, 1),
(408384540093075456, 1),
(408384549614526465, 1),
(408384552248164352, 1),
(408384557378199553, 1),
(408384559437189120, 1),
(408384569390673920, 1),
(408384577083043840, 1),
(408384577711783936, 1),
(408384580526157824, 1),
(408384594866864129, 1),
(408384615830024192, 1),
(408384633810612225, 1),
(408384639653642240, 1),
(408384664600973312, 1),
(408384674680291328, 1),
(408384685618626560, 1),
(408384701263790080, 1),
(408384701351858177, 1),
(408384710713540608, 1),
(408384715637665792, 1),
(408384720234246144, 1),
(408384721723617280, 1),
(408384732872056832, 1),
(408384735011151872, 1),
(408384745949900800, 1),
(408384748969791488, 1),
(408384750076702720, 1),
(408384762261143552, 1),
(408384762676781056, 1),
(408384781211422720, 1),
(408384782255792129, 1),
(408384815365226496, 1),
(408384819249545216, 1),
(408384825779707904, 1),
(408384827944353792, 1),
(408384832608432128, 1),
(408384845115842560, 1),
(408384853957414913, 1),
(408384859686445056, 1),
(408384881040035840, 1),
(408384881530769408, 1),
(408384884046983168, 1),
(408384888573026304, 1),
(408384949499068416, 1),
(408384969812094976, 1),
(408384974258446336, 1),
(408384995934625792, 1),
(408385025013346304, 1),
(408385054411218945, 1),
(408385069062303744, 1),
(408385069498109952, 1),
(408385088356106240, 1),
(408385097717391360, 1),
(408385101329072128, 1),
(408385103799123968, 1),
(408385109033639936, 1),
(408385111822835712, 1),
(408385117879414785, 1),
(408385129698963457, 1),
(408385130869190656, 1),
(408385156810936320, 1),
(408385162641018881, 1),
(408385172573536256, 1),
(408385176977551360, 1),
(408385199630598144, 1),
(408385215078211584, 1),
(408367152362975232, 2),
(408367280917975040, 2),
(408367792900280320, 2),
(408368072462856194, 2),
(408368253119909888, 2),
(408368474952839169, 2),
(408368608725983232, 2),
(408368664665022464, 2),
(408368877681528832, 2),
(408368880986251266, 2),
(408368985508687874, 2),
(408369078726713344, 2),
(408369452669878272, 2),
(408369500648521729, 2),
(408370118935445504, 2),
(408370364855496704, 2),
(408370892872646656, 2),
(408370935381893120, 2),
(408371058828664832, 2),
(408371192630738944, 2),
(408371200461516800, 2),
(408371333517414400, 2),
(408371847940431872, 2),
(408372031466389504, 2),
(408372242989711360, 2),
(408372346785767424, 2),
(408372406768508928, 2),
(408373503625154560, 2),
(408373833331392512, 2),
(408373952105680896, 2),
(408374314069549056, 2),
(408374633549664256, 2),
(408374871328948224, 2),
(408375057971310592, 2),
(408375607584505856, 2),
(408375680414781440, 2),
(408375745195806720, 2),
(408375760261349376, 2),
(408375895603568640, 2),
(408375975341490176, 2),
(408376018907697152, 2),
(408376161182703616, 2),
(408376285488893952, 2),
(408376298881294337, 2),
(408376489319464960, 2),
(408376690696413184, 2),
(408376694622679040, 2),
(408376725018796032, 2),
(408376742865166336, 2),
(408376744006389760, 2),
(408376932204834816, 2),
(408377108558512128, 2),
(408377123922268160, 2),
(408377130326970368, 2),
(408377141865496576, 2),
(408377161205022720, 2),
(408377395935051776, 2),
(408377518992158720, 2),
(408377631160037376, 2),
(408377751351992320, 2),
(408377806096457728, 2),
(408377845388701696, 2),
(408378076892917760, 2),
(408378441340178433, 2),
(408378567995957248, 2),
(408378650019377152, 2),
(408378925098627072, 2),
(408379153289736193, 2),
(408379181081194496, 2),
(408379784297594880, 2),
(408380005933391872, 2),
(408380136874983424, 2),
(408380239115726848, 2),
(408380254630445057, 2),
(408380575347515392, 2),
(408380742196924418, 2),
(408380820588490752, 2),
(408380915065180160, 2),
(408381631922057216, 2),
(408381712029462528, 2),
(408381720614809600, 2),
(408381813942677505, 2),
(408381973866889216, 2),
(408382169795788800, 2),
(408382610147405824, 2),
(408382749129863168, 2),
(408382978239504384, 2),
(408383050431467520, 2),
(408383237300297728, 2),
(408383422344617984, 2),
(408383535196942336, 2),
(408383582709620737, 2),
(408383597893017600, 2),
(408383767657857024, 2),
(408383867406790656, 2),
(408383998734663680, 2),
(408384158902128640, 2),
(408384492869787649, 2),
(408384684922400770, 2),
(408384976837967872, 2),
(408384364150403072, 3),
(408384365719085056, 3),
(408384365844905984, 3),
(408384367161905152, 3),
(408384367816224768, 3),
(408384370311827457, 3),
(408384373344321536, 3),
(408384376343252992, 3),
(408384379371528192, 3),
(408384382710190080, 3),
(408384385960787968, 3),
(408384389140070401, 3),
(408384392344518656, 3),
(408384402595409920, 3),
(408384402603769856, 3),
(408384409176662016, 3),
(408384420639297536, 3),
(408384430252630017, 3),
(408384450628562944, 3),
(408384463610343424, 3),
(408384470652157952, 3),
(408384473210695681, 3),
(408384473307156480, 3),
(408384485218992128, 3),
(408384489669541888, 3),
(408384490210619393, 3),
(408384528860733443, 3),
(408384548947259393, 3),
(408384550549463040, 3),
(408384554257219584, 3),
(408384570917392384, 3),
(408384585261527040, 3),
(408384596817231872, 3),
(408384631076302848, 3),
(408384651313815552, 3),
(408384671093751808, 3),
(408384686746918912, 3),
(408384689364557824, 3),
(408384699745071104, 3),
(408384700391391232, 3),
(408384727130046464, 3),
(408384729973809152, 3),
(408384744670257152, 3),
(408384747593691136, 3),
(408384772453306369, 3),
(408384778615156736, 3),
(408384786156122112, 3),
(408384796742524928, 3),
(408384801469915136, 3),
(408384823057973248, 3),
(408384828673769473, 3),
(408384831152615424, 3),
(408384837503168512, 3),
(408384857371197440, 3),
(408384861120913408, 3),
(408384861615833088, 3),
(408384868314148864, 3),
(408384884604821504, 3),
(408384885103931392, 3),
(408384898785767424, 3),
(408384914409541632, 3),
(408384935175528448, 3),
(408384944059068416, 3),
(408384978284584960, 3),
(408384992394231808, 3),
(408384999079936000, 3),
(408385011335692288, 3),
(408385033926217730, 3),
(408385050837655552, 3),
(408385052561530880, 3),
(408385058295144448, 3),
(408385062686568449, 3),
(408385062871105536, 3),
(408385063407996928, 3),
(408385063890333696, 3),
(408385064305561600, 3),
(408385065245110272, 3),
(408385065547071488, 3),
(408385066205601793, 3),
(408385066339799040, 3),
(408385067094781952, 3),
(408385081384779776, 3),
(408385086975791104, 3),
(408385093250465792, 3),
(408385094223552513, 3),
(408385104751247361, 3),
(408385122795548672, 3),
(408385124208631808, 3),
(408385134002728960, 3),
(408385135021531136, 3),
(408385142739054593, 3),
(408385159466348544, 3),
(408385161743826944, 3),
(408385172355047424, 3),
(408385173214883840, 3),
(408385176280920064, 3),
(408385194257690624, 3),
(408385203409670144, 3),
(408385208040169472, 3),
(408356578107334656, 4),
(408356847503290368, 4),
(408356936602910720, 4),
(408357180425768961, 4),
(408358428277739520, 4),
(408358460041211904, 4),
(408358504445915137, 4),
(408358547920289792, 4),
(408358647908286464, 4),
(408358843559579650, 4),
(408358893798952960, 4),
(408358936052760577, 4),
(408358963550621696, 4),
(408358984945778688, 4),
(408359168215875584, 4),
(408359565093134336, 4),
(408359774527303680, 4),
(408360019185643520, 4),
(408360119848558592, 4),
(408360234168877056, 4),
(408360350879592448, 4),
(408360820037267456, 4),
(408360821366870016, 4),
(408361199706075136, 4),
(408361393419976704, 4),
(408361405579280384, 4),
(408361566883827712, 4),
(408361623917977600, 4),
(408361745141739520, 4),
(408362029724860417, 4),
(408362048398315520, 4),
(408362209321168896, 4),
(408362316049432576, 4),
(408362379777699840, 4),
(408362455857782784, 4),
(408362903734341632, 4),
(408362973632421888, 4),
(408363004720607233, 4),
(408363054494408704, 4),
(408363169443512320, 4),
(408364588280057858, 4),
(408364752591532032, 4),
(408364816466579456, 4),
(408365025015787521, 4),
(408365095560171520, 4),
(408365109518430209, 4),
(408365213914652672, 4),
(408365433369030656, 4),
(408365461357596673, 4),
(408365562108973056, 4),
(408366722094485505, 4),
(408366915082387456, 4),
(408367011811450880, 4),
(408369057608372224, 4),
(408369398702153728, 4),
(408369520324390912, 4),
(408369533024366593, 4),
(408369568306831360, 4),
(408369671902351360, 4),
(408370750979338241, 4),
(408371339049697280, 4),
(408371438941642754, 4),
(408371488522137601, 4),
(408371637306662912, 4),
(408372762768441344, 4),
(408373404111085568, 4),
(408374714697261056, 4),
(408375271679864832, 4),
(408375879266340864, 4),
(408376042881957888, 4),
(408376371384422401, 4),
(408377219044876288, 4),
(408377350163013632, 4),
(408377489053208576, 4),
(408378682177495040, 4),
(408378890386546688, 4),
(408379021249220608, 4),
(408379286270525442, 4),
(408379381959364609, 4),
(408379695315812352, 4),
(408379790232543233, 4),
(408379850429173760, 4),
(408380055778504705, 4),
(408381210076139521, 4),
(408381591590027264, 4),
(408383146624057344, 4);

-- --------------------------------------------------------

--
-- Tabellenstruktur für Tabelle `users`
--

CREATE TABLE IF NOT EXISTS `users` (
  `id` bigint(20) unsigned NOT NULL,
  `name` varchar(140) DEFAULT NULL,
  `screen_name` varchar(45) NOT NULL,
  `profile_image_url` tinytext,
  `created_at` datetime NOT NULL,
  `location` varchar(45) DEFAULT NULL,
  `url` tinytext,
  `lang` varchar(5) DEFAULT NULL,
  `followers_count` int(10) unsigned NOT NULL,
  `verified` tinyint(1) NOT NULL,
  `time_zone` varchar(45) DEFAULT NULL,
  `description` varchar(160) DEFAULT NULL,
  `statuses_count` int(10) unsigned NOT NULL,
  `friends_count` int(10) unsigned NOT NULL,
  PRIMARY KEY (`id`)
) ENGINE=InnoDB DEFAULT CHARSET=utf8mb4;

--
-- Daten für Tabelle `users`
--

INSERT INTO `users` (`id`, `name`, `screen_name`, `profile_image_url`, `created_at`, `location`, `url`, `lang`, `followers_count`, `verified`, `time_zone`, `description`, `statuses_count`, `friends_count`) VALUES
(4816, 'EFF', 'EFF', 'http://pbs.twimg.com/profile_images/3574669751/04274fff61bb8eb33acb2eaf4bf05265_normal.png', '2006-08-28 16:17:28', 'San Francisco, CA', 'https://t.co/CEe2IJSs70', 'en', 158203, 1, 'Pacific Time (US & Canada)', 'We defend your civil liberties in a digital world.', 5345, 502),
(1478611, 'Udo ? Spr¡ngfeld™', 'springfeld', 'http://pbs.twimg.com/profile_images/1864980214/cuba-must-survive_normal.png', '2007-03-19 08:10:49', 'Darmstadt', 'http://t.co/FJAueQxtiK', 'de', 600, 0, 'Athens', '? Punk statt Prunk!\r\nExtrem ist was anderes.\r\nQualitweet seit März 2007.\r\nIn ? with @monika_bradna.\r\nFolgen sie mir auffällig!', 8693, 506),
(2713951, 'Erik Malinowski', 'erikmal', 'http://pbs.twimg.com/profile_images/378800000807035363/45f253e42b09136d7ca2036b186f81f8_normal.jpeg', '2007-03-28 22:01:10', 'Bay Area', 'http://t.co/Q2tdS4KVF5', 'en', 8590, 1, 'Pacific Time (US & Canada)', 'Senior writer at @buzzfeed. Ex-@deadspin and @wired. BASW 2013 (http://t.co/oeg0cV2qZc). Sad baseball fan.', 33493, 719),
(2834511, 'SPIEGEL ONLINE', 'SPIEGELONLINE', 'http://pbs.twimg.com/profile_images/1719664041/tw_spon_normal.jpg', '2007-03-29 14:54:46', 'Hamburg, Germany', 'http://t.co/1wjPgIq0jk', 'de', 197656, 1, 'Berlin', 'Hier twittern Maike Haselmann (mh), Philipp Löwe (pl), die Chefs vom Dienst (CvD) und die Redaktion (red).', 57167, 1089),
(3701471, 'AFreeMansLife', 'AFreeMansLife', 'http://pbs.twimg.com/profile_images/2279642864/ybd7iiui6yalchihmitq_normal.jpeg', '2007-04-07 13:13:59', 'Montreal', 'http://t.co/yvvvmwUv4O', 'en', 4723, 0, 'Eastern Time (US & Canada)', 'biodiversity, climate, environment, forestry, mining, human rights, carbon price, renewable energy, energy efficiency, Canada, soil, air, water, snow, skiing', 9288, 2040),
(6017542, 'Breaking News', 'BreakingNews', 'http://pbs.twimg.com/profile_images/378800000700003994/53d967d27656bd5941e7e1fcddf47e0b_normal.png', '2007-05-14 01:06:45', 'Global', 'http://t.co/kmGFmDDoPa', 'en', 6405507, 1, 'Eastern Time (US & Canada)', 'Introducing our new iOS app and http://t.co/RLB9uEUzdp that lets you control the breaking news you want to see.', 81677, 470),
(7074962, 'John Meline', 'JohnMeline', 'http://pbs.twimg.com/profile_images/715835860/resumebust2006v4_wbg_200x200_normal.jpg', '2007-06-25 21:19:58', 'Spokane, WA', 'http://t.co/OTI3nErYlO', 'en', 454, 0, 'Pacific Time (US & Canada)', 'Patent attorney with IT and petrochemical engineering experience.', 798, 610),
(7111232, 'Paolo Attivissimo', 'disinformatico', 'http://pbs.twimg.com/profile_images/378800000803222628/b614514751a29917d5384d238b029cf2_normal.png', '2007-06-27 17:12:42', '', 'http://t.co/Hi5COeEMVV', 'it', 117464, 0, 'Rome', 'Giornalista informatico, cacciatore di bufale, conduttore Radio Svizzera / IT journalist, hoax buster, Swiss Radio presenter.\r\npaolo.attivissimo@gmail.com', 9169, 82),
(7493452, 'Keith Martin', 'thatkeith', 'http://pbs.twimg.com/profile_images/2841556785/7642c6e0f5b49e8b71778d49f8bf8278_normal.png', '2007-07-16 00:06:11', '51.431209,-0.218836', 'http://t.co/9pmAwrwZT3', 'en', 514, 0, 'London', 'Senior Lecturer (LCC, UAL), Technical Editor (MacUser magazine), virtual reality panorama photographer, designer, writer & longboarder', 9757, 125),
(7794552, 'Ben Ramsey', 'ramsey', 'http://pbs.twimg.com/profile_images/378800000025722699/40ca357ba24c6b2bcd00717e8f9d2654_normal.jpeg', '2007-07-29 04:44:40', 'Nashville, TN', 'http://t.co/jBlaIwsRwd', 'en', 4604, 0, 'Central Time (US & Canada)', 'Software Architect at @Moontoast. I enjoy web development, open source software, good beer, and spending time with my family. Code is my craft.', 21290, 236),
(11604242, 'trueheart78', 'trueheart78', 'http://pbs.twimg.com/profile_images/2646795947/1db82cc8a423ead7e661472275fd2e62_normal.jpeg', '2007-12-28 15:44:34', 'Somewhere in Ohio', 'http://t.co/wlXxSBzh3y', 'en', 294, 0, 'Eastern Time (US & Canada)', 'Talks To Computers', 8328, 325),
(12063172, 'frankschirrmacher', 'fr_schirrmacher', 'http://pbs.twimg.com/profile_images/1954178775/ich_normal.jpeg', '2008-01-10 09:55:37', '', NULL, 'en', 33471, 1, 'Greenland', 'Journalist, author', 1511, 203),
(13075782, 'Don Shappelle', 'DonShappelle', 'http://pbs.twimg.com/profile_images/858254190/dhstwoface_normal.jpg', '2008-02-05 02:51:16', 'Philadelphia, Earth, Milky Way', 'http://t.co/MAU2blg3EK', 'en', 390, 0, 'Eastern Time (US & Canada)', 'Nightmarish Technophile. Knowledge junkie. Wisdom fiend. Modern classic timeless. Futuristic vintage. Weapon of mass distraction. Brave New World or 1984?', 13991, 32),
(13361922, 'Stephen C. Rose', 'stephencrose', 'http://pbs.twimg.com/profile_images/344513261568922465/db71a07572932210710bbc600b15e617_normal.jpeg', '2008-02-11 21:43:02', 'NYC', 'http://t.co/r5bzXzD7P9', 'en', 121426, 0, 'Eastern Time (US & Canada)', 'My destinations: Kindle Store http://t.co/WsARogvZBB  Plus on YouTube http://t.co/gx64mhNfey & Pinterest http://t.co/GDqEGuEALa', 49723, 51843),
(14046504, 'Conor Friedersdorf', 'conor64', 'http://pbs.twimg.com/profile_images/2241774389/IsaFlag2_normal.png', '2008-02-27 05:26:06', '', NULL, 'en', 18590, 1, 'Central Time (US & Canada)', 'Staff writer at The Atlantic, founding editor of The Best of Journalism http://t.co/QlRVyzTg', 12783, 566),
(14138785, 'Telegraph News', 'TelegraphNews', 'http://pbs.twimg.com/profile_images/2841358698/b1893f0967823453d0d7658d01b6b6c3_normal.png', '2008-03-13 12:27:48', 'London, UK', 'http://t.co/GVzfyAcJpX', 'en', 307835, 1, 'London', 'Breaking news, analysis and more from The Daily and Sunday Telegraph. Facebook: http://t.co/xa8TJ26TrT Got a tip? mynews@telegraph.co.uk', 95487, 485),
(14199907, 'Jon Gold', 'jongold', 'http://pbs.twimg.com/profile_images/378800000669248845/20ef5a9e12561df7dd073b0528ab29b3_normal.png', '2008-03-23 01:50:47', 'London', 'http://t.co/NuxaETc7HX', 'en', 4215, 0, 'London', 'I make internet and things at @makeshift.\n\nI enjoy systems, minimalism, cities, objectivity, rational design, and buffalo wings.', 40216, 1046),
(14302341, 'Ben Sutcliffe', 'bsutcliffe', 'http://pbs.twimg.com/profile_images/2726669219/0637d30c5190e375507c7659a064f1d3_normal.jpeg', '2008-04-04 15:01:26', 'London', 'http://t.co/MzvWS9E6qL', 'en', 427, 0, 'London', 'Digital, innovation, society, whiskey.', 3963, 191),
(14313712, 'matt', 'mattbuchanan', 'http://pbs.twimg.com/profile_images/3674815212/a5ac2c56d10d3ed06a19b788e27ac7cf_normal.jpeg', '2008-04-06 04:20:30', 'hello', 'http://t.co/oDC4WVlZrM', 'en', 16178, 0, 'Eastern Time (US & Canada)', 'i''m a digital, man', 26660, 246),
(14618956, 'Malte Spitz', 'maltespitz', 'http://pbs.twimg.com/profile_images/1475793831/Neues_Bild_normal.png', '2008-05-01 22:11:12', 'Berlin/Unna', 'http://t.co/YVgOL6KLSQ', 'en', 10830, 1, 'Berlin', 'Parteirat Bündnis 90/Die Grünen Themen: Medien-, Netz-, Bürgerrechtspolitik.', 8814, 576),
(14694570, 'Albert G Jennings', 'V4Albert', 'http://pbs.twimg.com/profile_images/378800000478219618/d5469e6e36bf563a7ff0f8e8e10e6de0_normal.jpeg', '2008-05-08 03:36:13', '', NULL, 'en', 1180, 0, 'Quito', '', 31443, 1164),
(14909404, 'V', 'raccattapalle', 'http://pbs.twimg.com/profile_images/3156569473/a351b05b61c36fad6c3a8040a270b4cc_normal.jpeg', '2008-05-26 16:19:35', '', NULL, 'en', 129, 0, 'Hong Kong', 'Ten thousand thundering typhoons', 296, 104),
(15052671, 'Andrew Blake', 'apblake', 'http://pbs.twimg.com/profile_images/378800000676881722/d329136d1c1268f42dcc268cec2f97d8_normal.jpeg', '2008-06-09 04:10:58', 'Washington DC, America', 'http://t.co/aLhfZlg6TP', 'en', 3370, 0, 'Eastern Time (US & Canada)', '\\(?)/¯ hack writer; gerbilmalist; makes noise for Supreme Commander; hack photographer; fan of things; RTs = retweets; zeppelin rules; puns;  apblake@riseup.net', 20292, 1396),
(15351435, 'fernsehmuell', 'fernsehmuell', 'http://pbs.twimg.com/profile_images/56344534/bild_normal.jpg', '2008-07-08 11:11:42', 'Wacken', 'http://t.co/hMaxRUA7m9', 'en', 59, 0, 'Berlin', 'Udo Sauer | Postproduction | Digital Video | Podcaster | Tabletennis', 1542, 120),
(15990298, 'Brendan Loy', 'brendanloy', 'http://pbs.twimg.com/profile_images/3002907146/1c2ecbfb77d670b339b5473952712d10_normal.png', '2008-08-26 03:02:03', 'Stapleton, Denver, CO, USA', 'http://t.co/wdrr7UKc3e', 'en', 4647, 0, 'Mountain Time (US & Canada)', 'Lawyer, blogger & daddy of 3 girls. Politics, sports, weather, LOTR, #PANIC and #DOOM. On indefinite #hiatus (except Instagram etc.): http://t.co/tMF7UoI4nu', 123912, 4502),
(16076032, 'Glenn Greenwald', 'ggreenwald', 'http://pbs.twimg.com/profile_images/2182259529/glenn_normal.jpg', '2008-09-01 05:13:32', '', NULL, 'en', 304155, 1, 'Caracas', 'Journalist - author, With Liberty & Justice for Some-  dog/animal fanatic - email/PGP public key (http://t.co/AQ2vKnqtLd)', 41166, 860),
(16098821, 'John Bergin', 'theburgerman', 'http://pbs.twimg.com/profile_images/3182398030/091c718b6623e084f8e6b322e8f47425_normal.jpeg', '2008-09-02 18:21:01', 'Sydney, Australia', 'http://t.co/HyFbini2WB', 'en', 14922, 1, 'Hawaii', 'Engagement Editor with @SBSNews and local cat enthusiast.               Tell me a story. | john.bergin@sbs.com.au', 42756, 13746),
(16100794, 'michael roloff', 'mikerol69', 'http://pbs.twimg.com/profile_images/1314260445/44729_14158729254sparrow_normal.jpg', '2008-09-02 20:33:41', 'seattle', 'http://t.co/f8l5q0t252', 'en', 647, 0, 'Pacific Time (US & Canada)', 'ex-NY-editor. Urizen Books.. writer, translator, Handke specialist.     http://t.co/02UyezQn', 2587, 1993),
(16195030, 'benton_fdn', 'benton_fdn', 'http://pbs.twimg.com/profile_images/279350221/benton_small_icon_normal.gif', '2008-09-09 02:44:28', 'Washington, DC', 'http://t.co/2YWrqGostm', 'en', 1778, 0, 'Central Time (US & Canada)', 'The Benton Foundation works to ensure that media and telecommunications serve the public interest and enhance our democracy. http://t.co/6XqG2Ibt', 24547, 344),
(16589206, 'WikiLeaks', 'wikileaks', 'http://pbs.twimg.com/profile_images/378800000319005152/551a78439edcf9463de45d97db76f9f8_normal.gif', '2008-10-04 08:41:05', 'Everywhere', 'http://t.co/CQrSKaiWjG', 'en', 2106497, 1, 'Pacific Time (US & Canada)', 'We open governments.', 26740, 1),
(16814901, 'jonathandruy', 'jonathandruy', 'http://pbs.twimg.com/profile_images/378800000531683053/547bb256196be0f1d8f427718c892461_normal.jpeg', '2008-10-16 23:49:15', 'Bloomingdale, DC', NULL, 'en', 117, 0, 'Quito', 'no longer living in bloomingdale.', 2671, 556),
(17261094, 'Leonard Jacobs', 'clydefitch', 'http://pbs.twimg.com/profile_images/486227105/Clyde_Fitch_3_for_Twitter_normal.jpg', '2008-11-09 00:30:23', 'New York City', NULL, 'en', 5026, 0, 'Eastern Time (US & Canada)', 'Dir. Cultural Institutions, NYC Dept. Cultural Affairs. Founder, Ed. Emeritus, Clyde Fitch Report. Recovering journalist & theatre critic. Opinions = my own.', 9641, 4962),
(17886409, 'Alex Bowles', 'alexqgb', 'http://pbs.twimg.com/profile_images/378800000676394829/5059d906b27aa67bd094fc93e7f73642_normal.jpeg', '2008-12-05 02:41:56', '', 'http://t.co/hJX3YuHDFb', 'en', 629, 0, 'Pacific Time (US & Canada)', 'Creative type, immersed in cartographic history, likes badgers.', 15043, 555),
(18612611, 'Fatih Yetim', 'fatihyetim', 'http://pbs.twimg.com/profile_images/378800000309917457/e2d4dea22156d2a5bec5e6e120a9036d_normal.jpeg', '2009-01-04 22:45:53', 'Lyon - Paris', NULL, 'fr', 177, 0, NULL, 'Doctorant en histoire, EPHE - EHESS', 361, 198),
(18723547, 'Ric', 'Twitrico', 'http://pbs.twimg.com/profile_images/3438472321/568f24312c10c40c8b446b48b7287a7f_normal.jpeg', '2009-01-07 15:56:58', '', NULL, 'de', 139, 0, 'Berlin', '', 5266, 108),
(19315236, 'Heinrich Faust', 'x_fausto', 'http://pbs.twimg.com/profile_images/378800000464466904/db84d919e05a770d5cc5d96cf7aa9a1e_normal.jpeg', '2009-01-22 00:43:33', '', 'http://t.co/QBabYZggQC', 'en', 1184, 0, 'Central Time (US & Canada)', 'You''re one of the most boring, flatulent, fornicating little gits I''ll know. Non quicquam quod agere non debeo ago. Id quod est agendum ago celeriter.', 106167, 679),
(19416649, 'John O. Ludwigson', 'oldbot', 'http://pbs.twimg.com/profile_images/76863626/old_bearsm_normal.jpg', '2009-01-23 23:03:28', 'Annapolis, MD', 'http://t.co/UwNTCe9H2m', 'en', 360, 0, 'Eastern Time (US & Canada)', 'Science writer!\r\nCaver!  National Speleological Society No.  4381R.', 67620, 276),
(19534873, 'alan rusbridger', 'arusbridger', 'http://pbs.twimg.com/profile_images/378800000274710667/53c37cdc95e3dfe12865961cdd2d19c1_normal.jpeg', '2009-01-26 14:58:22', 'London', 'http://t.co/Fmrg7rPl5A', 'en', 120408, 1, 'London', 'Editor in Chief of Guardian Newspapers. Author , Play it Again http://t.co/IWwaCGX3gc. Possible infringer of FedEx Terms of Use.', 4653, 1326),
(19772792, 'Mike Spinney', 'spinzo', 'http://pbs.twimg.com/profile_images/378800000411294237/b5baeeca114120254bc059dde183440e_normal.jpeg', '2009-01-30 16:50:36', 'New England', NULL, 'en', 442, 0, 'Central Time (US & Canada)', 'Brother of the Angle.\r\n\r\nO Sancta Simplicitas!', 16549, 304),
(20279424, 'theCHIVE', 'theCHIVE', 'http://pbs.twimg.com/profile_images/2604721145/9qd4ofsn3crz9dv6p8lw_normal.jpeg', '2009-02-06 23:44:52', 'Austin, TX', 'http://t.co/eQaxsQcjri', 'en', 370444, 0, 'Central Time (US & Canada)', 'theCHIVE is Probably the Best Site in the World. Also be sure to follow @TheChivery, @ChiveCharities, @ChiveNation, @ResignationBrew, and @theBERRYdotcom!', 4900, 808),
(20628807, 'Swinger Girl', 'ColtonPaynes', 'http://pbs.twimg.com/profile_images/378800000830851334/9cf6d0ca1ffb61642de98d9b25bef83b_normal.jpeg', '2009-02-11 22:16:10', 'Watching Kelly win Idol', 'http://t.co/p1aKJxPXyS', 'en', 1901, 0, 'London', 'Fandom joiner, TV Show watcher, Hardcore gamer, Fashion non-carer.', 70828, 2063),
(21161888, 'Douglas Burdett', 'DouglasBurdett', 'http://pbs.twimg.com/profile_images/3161342409/f16f1a26acc088ba04cb342f019d43d2_normal.jpeg', '2009-02-18 03:47:40', 'Virginia', 'http://t.co/4DLpyYR3bk', 'en', 18448, 0, 'Eastern Time (US & Canada)', 'Marketing strategist for defense contractors. VMI grad, former artillery officer and Madison Ave ad man. My blog helps defense contractors with marketing ?', 34334, 17739),
(21630742, 'j d', 'popoulis', 'http://pbs.twimg.com/profile_images/1377692842/spaceghostr_normal.jpg', '2009-02-23 05:23:26', '', NULL, 'en', 66, 0, 'Eastern Time (US & Canada)', 'interested in advertising, design, technology, politics, and literature', 570, 102),
(21749564, 'Mark Colvin', 'Colvinius', 'http://pbs.twimg.com/profile_images/1240028999/n720929879_177388_9305_normal.jpg', '2009-02-24 13:29:44', '@amworldtodaypm & @FridayLate ', 'http://t.co/ZwHG6sgSQs', 'en', 46813, 1, 'Sydney', 'Presenter of PM & Friday Late, ABC Radio. Lifetime Lance-Corporal in the Awkward Squad.', 94232, 2340),
(22347131, 'Tim Maytom', 'trivia_lad', 'http://pbs.twimg.com/profile_images/378800000677350983/53d04510e476383d454fdb9242aa3f59_normal.jpeg', '2009-03-01 11:05:48', 'All up in your cabbage patch', 'http://t.co/zOm4KxIgCc', 'en', 259, 0, 'London', 'The Super-Adaptoid of Sass', 8635, 363),
(24500377, 'Parker Higgins', 'xor', 'http://pbs.twimg.com/profile_images/378800000827622916/98f18f0b8caf5f8ab36c3e0fda1a275c_normal.jpeg', '2009-03-15 08:40:09', 'san francisco', 'http://t.co/1GFgj9BaPs', 'en', 5477, 0, 'Pacific Time (US & Canada)', 'EFF activist, but my views are my own. Talking about copyright, privacy, free culture, free software, ukulele, &c. I also operate the @drones account. ?', 16095, 465),
(24992817, 'LetMeStopURightThere', 'GeorgiatheGypsy', 'http://pbs.twimg.com/profile_images/378800000753510366/6be952453ba47d9a856037b323695f8a_normal.jpeg', '2009-03-18 01:41:14', 'Over a plate of oxtails', 'http://t.co/VZOq2ARFPD', 'en', 298, 0, 'Quito', 'Jamaican cynic/ Dutty Wine Practitioner/ Pumpum Shorts Critic/ Grand Dame of Oxtails & Rice and Peas with Curry Gravy/ Intellectual Negress of Maroon Heritage', 51902, 359),
(26603208, 'Dr. Roy Schestowitz', 'schestowitz', 'http://pbs.twimg.com/profile_images/378800000513997162/af64ca899f36325ecaba42333de69815_normal.jpeg', '2009-03-25 22:57:38', 'Manchester', 'http://t.co/uXQj7BkO6j', 'en', 2316, 0, 'Hawaii', 'Software Engineer, interdisciplinary researcher, and an advocate of fair competition', 96981, 997),
(27111784, 'William Lelieveldt', 'w_lelieveldt', 'http://pbs.twimg.com/profile_images/378800000035791884/770ee8c7d046bb0c02510f308d7e0ac5_normal.jpeg', '2009-03-27 23:14:37', 'Frankfurt', 'http://t.co/8hf9DGtO27', 'en', 857, 0, 'Berlin', 'news/media, music/guitar, ECB, EU, Frankfurt, Greece, Brussels, politics, diving. Opinions expressed are my own opinions, not necessarily my employer''s.', 5789, 627),
(28009632, 'vruz', 'vruz', 'http://pbs.twimg.com/profile_images/1795138989/vruz_normal.jpg', '2009-04-01 02:46:42', 'we are from the internets.', 'http://t.co/VzdTIB0Nph', 'en', 1165, 0, 'Buenos Aires', 'email: me@vruz.org \nfootie:#CNdeF #LFC #Uruguay', 55944, 2000),
(30885814, 'J', 'breatheandlove', 'http://pbs.twimg.com/profile_images/378800000766815571/9da786e6e20f12214935c7db2b5009fd_normal.jpeg', '2009-04-13 17:31:05', 'España.', 'http://t.co/LNWWo2Yb6v', 'en', 3563, 0, 'Madrid', 'I breathe & love, everything else is temporary. I RT sarcasm, angry logic, TOTES inapropes jokes, truth & sometimes even love…but mostly jokes. Scottish.', 15299, 2580),
(30902001, 'Lance Phillips', 'lancifier', 'http://pbs.twimg.com/profile_images/3540154076/27131d60fd34bc3d2b051fc7a3152753_normal.jpeg', '2009-04-13 18:55:00', 'TX', NULL, 'en', 136, 0, 'Central Time (US & Canada)', 'Learner of Life, Healer of Dogs & People? Hippie at Heart?rEVOLutionary?Psychonaut?', 5040, 607),
(33705455, 'John Doe', 'Perspicacious01', 'http://pbs.twimg.com/profile_images/364322740/twitterProfilePhoto_normal.jpg', '2009-04-21 01:05:29', '', NULL, 'en', 576, 0, 'Central Time (US & Canada)', '', 111882, 177),
(34213670, 'Brandon Baskin', 'BrandonBaskin', 'http://pbs.twimg.com/profile_images/378800000709773614/fac1256ad861dc2b84d5daa6bf7a22c8_normal.jpeg', '2009-04-22 09:18:19', 'MI ', NULL, 'en', 435, 0, 'Eastern Time (US & Canada)', 'Ain''t no hol up.', 62797, 284),
(34713362, 'Bloomberg News', 'BloombergNews', 'http://pbs.twimg.com/profile_images/1573194528/News_tw_normal.jpg', '2009-04-23 22:05:17', 'New York and the World', 'http://t.co/kD3ptGkjfH', 'en', 1209425, 1, 'Eastern Time (US & Canada)', 'Bloomberg News is the first word in business and finance.', 59034, 535),
(37005676, 'ROC USA', 'rocusa', 'http://pbs.twimg.com/profile_images/1471829447/Picture_4_normal.png', '2009-05-01 20:23:55', 'USA', 'http://t.co/wLaftda475', 'en', 263, 0, 'Central Time (US & Canada)', 'Ill: Tea party member Need 2 Restore Our Constitution (ROC) Know history: Founding Fathers Declaration of Independence Constitution teach r kids. Get active!', 12483, 450),
(40976508, 'Sortis Publishing', 'SortisBooks', 'http://pbs.twimg.com/profile_images/217970849/Sortis_Initials_normal.jpg', '2009-05-18 23:44:04', 'Gilbert, Arizona', 'http://t.co/YOdBzXYW1R', 'en', 8181, 0, 'Pacific Time (US & Canada)', 'Sortis Publishing-We Love Books. At Sortis Publishing our main focus is publishing “Just Good Books” that appeal to many different audiences.', 12989, 9145),
(42260177, 'Selim Atalay', 'SelimAtalayNY', 'http://pbs.twimg.com/profile_images/3369313823/bde39c91a72656db75053a2d84da91b2_normal.png', '2009-05-24 20:52:42', 'New York', 'http://t.co/jUJNy33Enw', 'en', 27035, 0, 'Eastern Time (US & Canada)', 'Selim Atalay Bildiriyor', 24198, 64),
(42768424, 'Kyle Bedwell', 'totallykylelive', 'http://pbs.twimg.com/profile_images/2955306995/bb017fe7875b1787b6b72d0de2d76d25_normal.jpeg', '2009-05-27 02:30:21', 'Mobile, Alabama.', 'http://t.co/iI1LoDFlcP', 'en', 127, 0, 'Central Time (US & Canada)', 'I have a story to tell.', 1808, 145),
(42956737, 'Matt Miller', 'nfldraftscout', 'http://pbs.twimg.com/profile_images/378800000631554691/b764a19876f6e796bef2bbc3dfc71faf_normal.jpeg', '2009-05-27 21:55:09', 'Joplin, MO', 'http://t.co/GFY0zko9RS', 'en', 65191, 1, 'Central Time (US & Canada)', 'Husband, father—NFL & NFL Draft Lead Analyst at Bleacher Report—Madden contributor—Pro Football Writers of America', 69138, 809),
(43366867, 'Gray Goose', 'TaylorGrayy', 'http://pbs.twimg.com/profile_images/378800000827479783/ca9cb2a835dc5ff1f01e3e61e6ca83eb_normal.jpeg', '2009-05-29 19:04:10', 'Atlanta,GA', NULL, 'en', 228, 0, NULL, 'fuck you', 5170, 365),
(47125148, 'It''s Britney, Bitch!', 'YouEnchantedMe', 'http://pbs.twimg.com/profile_images/378800000030336593/a42398ab7342722430dda30350a4844f_normal.png', '2009-06-14 18:48:55', '', 'http://t.co/QYazC9VVVt', 'en', 1545, 0, 'Central Time (US & Canada)', '#AllEyesOnMe', 14753, 1407),
(47411569, 'Liberty Ideals', 'libertyideals', 'http://pbs.twimg.com/profile_images/264237942/libertarian2_normal.jpg', '2009-06-15 20:56:40', 'Bay Area, California', NULL, 'en', 9952, 0, 'Pacific Time (US & Canada)', 'Libertarian!', 50117, 6171),
(47856818, '????', 'wikitree', 'http://pbs.twimg.com/profile_images/1185193791/twitter-background_normal.gif', '2009-06-17 06:35:24', 'Dokdo, Korea', 'http://t.co/1rzZs7QDMx', 'ko', 158533, 0, 'Seoul', 'Social Network News Service - wikitree ????. \r\n???? ?? ???? ??. ?? ??? ?? ??? ??. ????? ????? ??? ???? ??? ?? ?? ? ?? ? ????. ''????''? ??? ?????.', 90386, 63851),
(48460604, 'Brandon ', '_Brandon_John', 'http://pbs.twimg.com/profile_images/378800000519496846/707b07838f4444df1574bb03caece6e5_normal.jpeg', '2009-06-18 21:32:55', '732', NULL, 'en', 580, 0, 'Central Time (US & Canada)', 'There''s no telling how many miles we will run while chasing a dream', 13311, 617),
(49517025, 'Eisen', 'ikesenmarble', 'http://abs.twimg.com/sticky/default_profile_images/default_profile_5_normal.png', '2009-06-22 05:03:32', '', NULL, 'en', 107, 0, 'Hong Kong', '', 17999, 254),
(49618091, 'Jordan Cook', 'JordanCMU', 'http://pbs.twimg.com/profile_images/1731007010/JordanCMU_normal.jpg', '2009-06-22 14:49:53', 'Tampa, FL', 'http://t.co/x7kGum4ZvT', 'en', 136, 0, 'Central Time (US & Canada)', 'Technology Enthusiast, Advisor and IT Consultant', 966, 164),
(50095502, 'Corey O''Brien', 'coreyobrien1970', 'http://pbs.twimg.com/profile_images/3382329095/9f7c4438d8c873d9d539974cd584625f_normal.jpeg', '2009-06-23 22:41:36', 'Portland, OR', NULL, 'en', 45, 0, 'Pacific Time (US & Canada)', 'a fanatic is one who cannot change his mind and refuses to change the subject  --Winston Churchill', 2978, 241),
(51462013, 'Lizzie O''Leary', 'lizzieohreally', 'http://pbs.twimg.com/profile_images/378800000227786892/38e4a0e443fd3cbc704b4c9742e3cdf8_normal.jpeg', '2009-06-27 17:10:30', '', 'http://t.co/OssbLHcwzB', 'en', 18975, 1, 'Eastern Time (US & Canada)', 'aspiring hildy johnson.', 38106, 1669),
(52598410, 'Deodato Ramalho', 'deodatoramalho', 'http://pbs.twimg.com/profile_images/378800000297877476/65cd4a9e2d4f72f53d33c164b779d89d_normal.jpeg', '2009-07-01 04:01:24', 'Fortaleza', 'http://t.co/2RnnPzA7cY', 'pt', 4004, 0, 'Brasilia', '', 28554, 2832),
(53471853, 'ARSENIO ANTONIO', 'nagelguru', 'http://pbs.twimg.com/profile_images/463539479/125_normal.JPG', '2009-07-03 21:16:12', 'CLUBVISION300', 'http://t.co/r64Lj8xr0h', 'en', 33, 0, 'Greenland', 'CLUBVISION300 - Our Vision, Your Dream, Our Passion', 9975, 99),
(54237747, 'arief budiwidayanto', 'budiwa', 'http://pbs.twimg.com/profile_images/379755583/self2_normal.jpg', '2009-07-06 17:40:40', '', NULL, 'en', 168, 0, 'Kuala Lumpur', '', 5503, 470),
(56207784, 'Gregg Grosshans', 'wxmangrosshans', 'http://pbs.twimg.com/profile_images/310477988/WXMAN_normal.jpg', '2009-07-13 00:18:50', 'Central U.S.', NULL, 'en', 55, 0, 'Central Time (US & Canada)', 'Like to ride road bikes, mountain bike races.  Listen to Country Music... Clay Walker, Keith Urban, Jason Aldean, The Damn Quails, Camille Harp, John Calvin', 1472, 45),
(56363220, 'Ball State Athletics', 'bsuathletics', 'http://pbs.twimg.com/profile_images/1294650179/Ball_State_Cardinals_normal.gif', '2009-07-13 14:48:27', 'Muncie, IN', 'http://t.co/aIhR4JT9AG', 'en', 7412, 0, 'Eastern Time (US & Canada)', 'The Official Twitter Feed of Ball State Athletics. Join the conversation #ChirpChirp', 7561, 182),
(57424542, 'Rebecca Galor', 'RebeccaGalore11', 'http://pbs.twimg.com/profile_images/378800000643568631/1105770ef1f27081c87f7c66dbce0988_normal.jpeg', '2009-07-16 21:38:58', 'Houston, Texas ??', NULL, 'en', 397, 0, 'Mountain Time (US & Canada)', 'make every \nday your \nbest day', 10319, 365),
(57474976, 'DM-20XX', 'Lobo_Azul', 'http://pbs.twimg.com/profile_images/344513261580439891/3e8f8c6f1856adb26ba9ed10d4989d93_normal.png', '2009-07-17 01:02:56', 'Chiclayo', 'http://t.co/34Mmz0lU0G', 'es', 422, 0, 'Lima', 'Nace, crece, se reproduce, y muere. (Imagen de encabezado gracias a @Yunaree)', 44871, 358),
(57872713, 'Damon Salvatore ', 'ZOverwhelming', 'http://pbs.twimg.com/profile_images/3371671463/0e877763fe22307e229892b6061d30bf_normal.jpeg', '2009-07-18 08:26:21', 'Beverly, MA', NULL, 'en', 661, 0, 'Quito', 'The Chosen One', 16101, 497),
(57952011, 'Naoki Nemoto', 'nemoton', 'http://pbs.twimg.com/profile_images/1153815456/nemotonn_160_normal.gif', '2009-07-18 17:08:23', 'Japan', NULL, 'ja', 1179, 0, 'Tokyo', 'Hi! I''m nemoton from Japan. I''m interested in essence of communications and  ExtremScaleComputing.\r\n/Artificial Intelligence/BehavioralEconomics/Shougi/Hadoop', 40084, 1156),
(59098802, '???', 'Racing_Style_SS', 'http://pbs.twimg.com/profile_images/1139743710/___normal.jpg', '2009-07-22 13:14:04', '?????????????', 'http://t.co/L5rr04c6II', 'ja', 3241, 0, 'Tokyo', '????????????????????????????????????????????????????????????????????????????????????????????????SS?????042-427-7090?', 26886, 3191),
(59178541, 'Rangir Forge', 'RangirBS', 'http://pbs.twimg.com/profile_images/378800000354538162/d1511f44a444c2d09a691ef97f4f0eab_normal.jpeg', '2009-07-22 18:55:32', '', NULL, 'de', 18, 0, 'Berlin', 'Aus dem leben und der Gedankenwelt eines Mandalorianer, Nerds und einfach nur so....', 1289, 100),
(63168342, 'giuliano olivati', 'olivati', 'http://pbs.twimg.com/profile_images/1172145308/giuliano_olivati_mezzobusto_normal.jpg', '2009-08-05 17:49:21', 'bergamo, italy', 'http://t.co/ld6V6FQUZF', 'it', 4425, 0, 'Rome', 'Ag. immobiliare 1990, pres. FIAIP BERGAMO, dir. Oss. immobiliare Fiaip BG. qui solo opinioni personali. http://t.co/FNld5ay6Ay - http://t.co/Vz4dOUMMgE', 127172, 3717),
(63437440, '??', 'patriamea', 'http://pbs.twimg.com/profile_images/378800000737585003/74a7fc5accc0eed3c6c74f257b79247a_normal.jpeg', '2009-08-06 12:11:36', 'Seoul, Korea', 'http://t.co/BmGRc8BbRj', 'en', 511698, 0, 'Seoul', '???? ??(??)???? ???? ''??'' ?. Giants, V3!?6-8,12-2?? ??? ????(????)???, ?? ??? ???? ??? ?? ??', 11609, 20839),
(64648619, 'bigbangupdates', 'bigbangupdates', 'http://pbs.twimg.com/profile_images/378800000147760884/1d79f744eedd5b4caabaaf7f74d9afff_normal.png', '2009-08-11 08:49:07', '', 'http://t.co/iTmfEP946X', 'en', 143845, 0, 'Seoul', 'Hello there! We''re BIGBANG fans and we post updates about G-Dragon, Taeyang. T.O.P, Daesung and Seungri.', 16866, 7194),
(65948622, 'Liz Wahl', 'lizwahl', 'http://pbs.twimg.com/profile_images/3780857932/ded47024ef1c8016bf3c194e0579595a_normal.jpeg', '2009-08-15 20:25:57', 'Washington, DC', NULL, 'en', 2637, 0, NULL, 'Anchor and Correspondent at RT America', 1364, 1080),
(66132864, 'rapidnewstweets', 'juergen_p', 'http://pbs.twimg.com/profile_images/378800000609605569/2e3bbb82fef9ec3be3387599f5cc1e2e_normal.jpeg', '2009-08-16 17:32:51', 'saxony - germany', 'http://t.co/NlDD2hYhZN', 'de', 1464, 0, 'Berlin', 'left twist, news freak, no nsa spy, no nazis, photo freak, rock fan, http://t.co/JNOBIe7fc4', 43681, 1460),
(67936608, 'Anja', 'pimpim789', 'http://pbs.twimg.com/profile_images/378800000592148868/f778caf93f9d7a537673af34c9dad84c_normal.jpeg', '2009-08-22 19:27:33', 'berlin, germany', NULL, 'en', 78, 0, 'Athens', '', 1800, 204),
(68524089, 'Luis Varela Ventura', 'LuisVarelaV', 'http://pbs.twimg.com/profile_images/378800000791089308/eb4a940a81d35a31a89d42f52e8808e8_normal.jpeg', '2009-08-25 00:10:01', 'Heidelberg-Alemania', 'http://t.co/mMSR3fV1w9', 'es', 408, 0, 'Berlin', 'Liberal-determinista, creyente-escéptico, kantiano, pater familia. Actualmente en mi peregrinatio académica como doctorando en Derecho (Penal) Univ Heidelberg.', 9101, 349),
(70776012, 'Simone Schleder', 'Dra_Simone', 'http://pbs.twimg.com/profile_images/378800000754092795/05f6c9752bb37ee0687f6f86007e8573_normal.jpeg', '2009-09-01 22:24:42', '', NULL, 'en', 535, 0, 'Brasilia', '', 21841, 731),
(72530705, 'Christoph', 'quitzi', 'http://pbs.twimg.com/profile_images/378800000815831098/2d2b386a29fe574e57c963f9d7b37012_normal.jpeg', '2009-09-08 13:30:15', 'Berlin', 'http://t.co/6JHVIuz73U', 'de', 2006, 0, 'Greenland', 'Kwak kwak kwak. Aber in erster Linie GU-Sklave ?\nhttp://t.co/NmlYkD5YVi', 33522, 490),
(76442231, 'Korea-Fans.com', 'KoreaFans', 'http://pbs.twimg.com/profile_images/1694440457/03_copy_copy_normal.png', '2009-09-22 22:36:11', 'Turkey', 'http://t.co/9fuS8ocOhb', 'tr', 2628, 0, 'Istanbul', '', 22850, 309),
(77197634, 'sNaPpeRHeaD', 'sNapPpeRHeaD', 'http://pbs.twimg.com/profile_images/378800000812043513/794d6431873902afe477e097b4760d88_normal.jpeg', '2009-09-25 14:03:30', 'Miami Native', NULL, 'en', 16246, 0, 'Eastern Time (US & Canada)', '*Proud Husband of @the_Q_is  #TeamFuckObama #Benghazi  #Extortion17 #NRA #TeamMossberg #StandWithRand #TGDN #ORPUW', 109425, 16164),
(77811314, 'Vanillebär || Resi', 'K4NGIN', 'http://pbs.twimg.com/profile_images/378800000776740302/524f055202c88d418c18b1d0a195b359_normal.jpeg', '2009-09-27 21:29:32', 'NRW', 'http://t.co/vLBgvhh57T', 'en', 102, 0, 'Greenland', 'Ich hab gesehen, dass Leute hier viel tiefgründiges Zeug reinschreiben. Gut, dass ich nicht Leute bin. Me gusta: GenesiS. K-Pop. Tanzen. Singen. SPACKEN.', 17540, 157),
(79281646, 'Dirk van den Bosch ', 'CedericDuboisch', 'http://pbs.twimg.com/profile_images/2321995579/gv8v8gfdch5nd6kafw28_normal.jpeg', '2009-10-02 22:38:39', '', 'http://t.co/Z1MXobDqV2', 'en', 990, 0, 'Greenland', 'Ongepolijst talent. Rommelt wat aan bij GroenLinks in Europa. Secretaris van het #ChristKlepGenootschap', 14200, 299),
(84092311, 'Marius Eyesfeld', 'eyesfeld', 'http://pbs.twimg.com/profile_images/1150183523/Marius-Eyesfeld_normal.png', '2009-10-21 16:35:09', 'Berlin', 'http://t.co/NNlMv43knW', 'de', 292, 0, 'Greenland', 'Ich interessiere mich für Politik und darum soll es hier auch gehen', 23140, 245),
(84351228, 'Tim Berners-Lee', 'timberners_lee', 'http://pbs.twimg.com/profile_images/1325092609/94d9da15ab89e3e2b4a5b9a5174f5618_normal.jpg', '2009-10-22 17:29:47', 'Boston', 'http://www.w3.org/People/Berners-Lee/', 'en', 150566, 1, 'Eastern Time (US & Canada)', 'Director of the World Wide Web Consortium (W3C) w3.org, the place to agree on web standards.  Founded webfoundation.org - let  the web serve humanity', 426, 216),
(88793057, 'iSayHeyYouSayJoe', 'pynerjoe', 'http://pbs.twimg.com/profile_images/378800000830365921/7b60127890c001970975e6c9d38c85d6_normal.jpeg', '2009-11-10 00:26:05', 'East London', 'http://t.co/oNy9lbaFAV', 'en', 186, 0, 'London', '24 living life in the city :) thoroughly entertained by the human condition and tweet about music alot! Instagram: isayheyyousayjoe', 1795, 188),
(91851207, 'Privacy Barometer', 'PrivacyBaro', 'http://pbs.twimg.com/profile_images/830958868/Logo_voor_twitter_normal.png', '2009-11-22 20:28:23', 'Den Haag', 'http://t.co/KYY2kxgg39', 'en', 1817, 0, 'Amsterdam', 'De actuele stand van de politiek over privacy. http://t.co/YktHNm71', 5498, 1735),
(96233686, 'Helison Capici', 'HELY91', 'http://pbs.twimg.com/profile_images/378800000038205904/7419cb66995c4bdeb6ec438061429115_normal.jpeg', '2009-12-12 00:49:29', 'Cerro Veronese (VR)', NULL, 'it', 179, 0, 'Rome', 'Sono nata il 4/7/91solare,ascolto Pop e Rock,amo lo sportin particolare il ciclismo,mito sportivo e personale Damiano Cunego. PD VR studio Giurisprudenza @univr', 6762, 580),
(100154989, 'Nirmala Eka R.', 'RNE_irma', 'http://pbs.twimg.com/profile_images/378800000645057599/552179d5bcaa5e6b1bf111d67ee14f87_normal.jpeg', '2009-12-29 07:26:29', 'indonesia', NULL, 'en', 237, 0, 'Bangkok', 'girl who is trying to achieve a dream', 5838, 506),
(101371313, 'A???????', 'NoemeDesAnges7', 'http://pbs.twimg.com/profile_images/378800000540172116/96330f7999f7af3a8acc11505efec918_normal.jpeg', '2010-01-03 03:19:52', '', 'http://t.co/vWD353zDSx', 'fr', 925, 0, 'Paris', 'C''est drôle comme les gens qui se croient instruits éprouvent le besoin de faire chier le monde.\r\nBlaise Pascal', 6714, 1662),
(107224636, 'Alyssa Grinchmore', 'lookieitswookie', 'http://pbs.twimg.com/profile_images/378800000807998221/47c58cf136b8c20a534876a2b8ef3e25_normal.jpeg', '2010-01-21 23:17:47', 'Atlanta, GA', 'http://t.co/trqKOotOdZ', 'en', 1091, 0, 'Eastern Time (US & Canada)', 'WoW. Grim, yet triumphant. Adorable little imagineer. Saviour of the Earth. Photographer extraordinaire. Alter ego: Seesa. #TwistedNation', 11289, 231),
(117543420, 'Bart? Gellman', 'bartongellman', 'http://pbs.twimg.com/profile_images/1303317727/BDGCounterspyHeadshotUnderpainting1_normal.jpg', '2010-02-25 22:55:14', 'OTR: b.g.@jabber.ccc.de', 'http://t.co/K9wsHo7e3u', 'en', 11009, 1, 'Eastern Time (US & Canada)', 'Author of ''Angler.'' NSA stories: http://t.co/yxaxnpBpct | @TCFdotorg @washingtonpost @Princeton | PGP 1392 0437 2660 5D0E D556 C8A4 05F1 287D C38C 85C0', 3086, 603),
(120958343, 'Ardee Clemente', 'n0_ang3l', 'http://pbs.twimg.com/profile_images/378800000369557285/94c7291aabb77084121384ed1b53a35e_normal.jpeg', '2010-03-08 04:22:34', 'between sleep and awake', NULL, 'en', 93, 0, 'Hong Kong', 'Welcome. This is where the magic happens. And as we all know, by ''magic'' I mean ''nothing''. \n~ Olive Penderghast (Emma Stone), Easy A', 1478, 320),
(128370270, 'Lars Pellinat', 'Lars9596', 'http://pbs.twimg.com/profile_images/981253892/LP_at_Bayer1528_normal.jpg', '2010-04-01 01:02:58', 'Planet Earth (mainly) #Neuland', NULL, 'en', 25946, 0, 'Berlin', 'Love Life, Embrace Its Possibilities & Enjoy My Way.\r\nSee Favstar: http://t.co/mR5dA3qqIC \r\nFollow back real people with content. RT''s are not an endorsement.', 32683, 22409),
(130182730, 'Quantum', 'Quanttumm', 'http://pbs.twimg.com/profile_images/1556833958/einstein2_normal.jpg', '2010-04-06 17:23:55', 'Mexico', NULL, 'es', 1285, 0, 'Central Time (US & Canada)', 'Crítico y Cáustico... Que mis corrosivos comentarios no te hieran.. Si quieres followback avísame... MRDRDM: me reservo el derecho a responder DM.', 24408, 349),
(132291759, 'emilyagosta', 'emilyagosta_', 'http://pbs.twimg.com/profile_images/378800000763642179/e035c04c72f606ecd6117dc09ce787ea_normal.jpeg', '2010-04-12 22:57:29', '', NULL, 'en', 74, 0, 'Atlantic Time (Canada)', '#teamfood', 203, 395),
(132774626, 'Common White Girl', 'girlposts', 'http://pbs.twimg.com/profile_images/378800000407694303/00e2f1aefd63255dcc010c3f330c8955_normal.png', '2010-04-14 06:20:26', 'Victoria''s Secret', 'http://t.co/LEtj3G8JEh', 'en', 3451776, 0, 'Georgetown', 'I''m a victoria''s secret model. It''s just a secret that not even victoria knows. ?', 49499, 35196),
(132789601, '??? ???~* I?ZE:A ??!', 'Chaohm_sik', 'http://pbs.twimg.com/profile_images/378800000798034817/99223ad6d9786c6470f89b8c1eece97b_normal.jpeg', '2010-04-14 07:27:02', 'Land of Smile', 'http://t.co/JUdlYHEPnM', 'en', 478, 0, 'Bangkok', '**Pls. Do not cross My Line** Here It''s My Space ~* I?JYJ~* & I?ZE:A & I?Park Hyungsik ??!~* ??? ???~* ??? ?????~* ?? ?? ZE:A''s ???~* I''m 1980 LINE~*', 30773, 964),
(133444188, 'Paul Welsh', 'felixrandal', 'http://pbs.twimg.com/profile_images/1897518715/twitter1_normal.png', '2010-04-15 22:25:42', 'Berkshire, UK', NULL, 'en', 71, 0, 'London', 'A real cliche - gone from Marxist student to married middle aged UKIP supporter with kids. Political junkie, techie, Radio 4 fan, film and literature lover.', 3850, 121),
(134400083, '??@???????????', 'xexi1243', 'http://pbs.twimg.com/profile_images/378800000668045772/497ca2cc132c5e84e345c11e76b957bc_normal.png', '2010-04-18 11:08:49', '??', NULL, 'ja', 198, 0, 'Tokyo', 'AVA?PlayerName???[?]_? ??Ay. Clan?0120? / GUNSLINGER STRATOS / jubeat / SDVX / beatmania llDX /', 25645, 200),
(134942608, 'Chad-Michael', 'MrChadBrown', 'http://pbs.twimg.com/profile_images/378800000830596832/0c86d0b26dce52ad8896cbcc9bba4105_normal.jpeg', '2010-04-20 00:30:44', 'B R O N X, NYC', 'https://t.co/McfjV5jIv4', 'en', 1279, 0, 'Eastern Time (US & Canada)', 'Nothing goes on but filth, wisdom & weird shit around these parts @thatsty is Bae.', 47334, 1876),
(136810118, 'Lee Seung Gi blog', 'LSGfan', 'http://pbs.twimg.com/profile_images/1926691926/wp_04934934070235_normal.jpg', '2010-04-25 02:45:42', 'USA', 'http://t.co/lWxtUbgKwd', 'en', 3456, 0, 'Quito', 'Lee Seung Gi blog \r\n??? ???', 1951, 8),
(142252192, 'Rosa Delia Monzón', 'rosadelia84', 'http://pbs.twimg.com/profile_images/344513261577281993/bb91f2188bbd0491a27c88cd245f7431_normal.jpeg', '2010-05-10 13:20:18', 'En el Paraíso...GRAN CANARIA', NULL, 'es', 455, 0, 'Casablanca', 'Me paseo por la vida en Versión Original // Educadora de menores en Cruz Roja y Jugadora de balonmano del C.Bm. Valsequillo', 62789, 269),
(143856744, 'tyas', 'bluebebo', 'http://pbs.twimg.com/profile_images/3732163864/2ac0b46d019b8348a50a93d85d5914ff_normal.jpeg', '2010-05-14 18:06:49', 'ÜT: 52.856405,-8.16029', NULL, 'en', 21, 0, 'Bangkok', 'a melancholic choleric | sassy | moody | travelling freak |  adrenalin lovers | bake shop owner wannabe', 791, 48),
(150039753, 'chad armintrout', 'karmasyde', 'http://pbs.twimg.com/profile_images/378800000740060965/5606419e03c4f5776b8ba498383bd6a2_normal.png', '2010-05-31 00:46:11', '', NULL, 'en', 35, 0, 'Quito', 'sci-fi fantasy horror geek', 677, 210),
(151173057, 'Hans', 'Tjeempie21', 'http://pbs.twimg.com/profile_images/2346546966/qnb9wfeil4xy5mni5e4o_normal.jpeg', '2010-06-02 21:54:45', 'Wassenaar', NULL, 'nl', 112, 0, 'Amsterdam', 'I eat hypocrisy for breakfast. Private investor. Gardens. Art. And wine, Bourgogne & Bordeaux. And I know why birds sing. Een vd weinige echte liberalen.', 3159, 410),
(157616379, 'Regiohits', 'Regiohits', 'http://pbs.twimg.com/profile_images/1633197020/logo_normal.JPG', '2010-06-20 12:07:34', 'Nederland', 'http://t.co/LZdflKbCq4', 'nl', 211, 0, 'Amsterdam', 'Nederlands muziek, maar ook schlager, country, top 40, piraten muziek,Polka,  enz enz, Kortom voor ieder wat wils. Internet radio wat je raakt.', 142162, 304),
(158123632, 'NSWOLSCJusticeSucker', 'CorruptNSW', 'http://pbs.twimg.com/profile_images/1394974187/DevilBat_normal.gif', '2010-06-21 23:13:25', 'Hell,Hades,Mictlan,Tartarus', 'http://t.co/7gHJnVHCfP', 'en', 1304, 0, 'Brisbane', 'Blood Suckers of Justice in #NSWpol. Steve Mark, Ex-NSW Legal Services Commissioner - Devils Advocate of Corrupt Lawyers http://t.co/asJtx8Q5NX', 32472, 2001),
(163586060, 'Ben Hooks', 'hooksie95', 'http://pbs.twimg.com/profile_images/378800000733807772/ac2ed20e4dac5a17c46ff02d21a52b26_normal.jpeg', '2010-07-06 22:04:42', '', NULL, 'en', 80, 0, 'Eastern Time (US & Canada)', 'hello pls my name is ben', 252, 90),
(164962070, '#6', 'soulive2', 'http://pbs.twimg.com/profile_images/378800000481648524/54a8e072d74e149404d36da0713a63c8_normal.jpeg', '2010-07-10 07:53:26', '', NULL, 'en', 6, 0, NULL, '', 267, 23),
(165545302, 'alexis gilhuly', 'alexisgilhulyy', 'http://pbs.twimg.com/profile_images/378800000690849297/e5199584c4dd6fb71fcce4a157b8233e_normal.jpeg', '2010-07-12 00:19:51', '', NULL, 'en', 220, 0, 'Quito', '', 6100, 278),
(166254218, 'Matthëus.', 'SimpleMattheus', 'http://pbs.twimg.com/profile_images/378800000451645457/52e9d00570858cf65db2f7fb62ef4af3_normal.jpeg', '2010-07-13 20:23:21', 'Fair Ham.', 'http://t.co/3xEXxueL42', 'en-gb', 392, 0, 'London', 'Southampton and Wolfsburg fan. The umlaut is suppose to be on the e as it''s part of my name.', 93243, 437),
(170397578, 'Sugoi Uriarte Marcos', 'sugoi66', 'http://pbs.twimg.com/profile_images/1496700042/sug_normal.jpg', '2010-07-24 20:35:02', 'Valencia', 'http://t.co/5kE0wOgAFU', 'es', 5309, 0, 'Greenland', 'Ingeniero, subcampeón del mundo, campeón de Europa y Diploma olímpico de judo en la categoria de 66kg', 2799, 423),
(172867574, 'Rick Cooley', 'rcooley123', 'http://pbs.twimg.com/profile_images/3429769195/c9bf8f1a87a49776277f41b2c4af7ed1_normal.jpeg', '2010-07-30 22:29:23', 'Wilkes-Barre, PA', 'http://t.co/22Hjpoo6Dp', 'en', 31344, 0, 'Eastern Time (US & Canada)', 'Progressive, antiwar, humanitarian, environmentalist, civil liberties, human rights, Down Syndrome.  #ConnectTheLeft. \r\n Backup account @cooleyrj', 141736, 29128),
(173970041, 'KRT', 'KittyKatTroy', 'http://pbs.twimg.com/profile_images/378800000812845999/3a6a5e1e88254ea0abf8a537dd2092a9_normal.jpeg', '2010-08-02 22:14:26', '', NULL, 'en', 192, 0, 'Eastern Time (US & Canada)', 'Don''t let the shadows of yesterday spoil the sunshine of tomorrow?', 6582, 211),
(181867268, 'LAVAZZA KOREA', 'lavazzakorea', 'http://pbs.twimg.com/profile_images/344513261575013903/764482b4a2b741f2dd49b74a267d242b_normal.jpeg', '2010-08-23 09:09:17', '??? 2? 186-33 LAVAZZA TC', 'http://t.co/3MkiRDoAHC', 'en', 14, 0, 'Seoul', 'JUNHAN FnC CORPORATION (Exclusive importer for Beans and Ground products)', 197, 53),
(182802265, 'Darcy (aka Eves)', 'sherrinford221b', 'http://pbs.twimg.com/profile_images/2967488249/3985b4b7692654ffebbeb30cb2c407d8_normal.jpeg', '2010-08-25 14:42:07', 'Buenos Aires, Argentina', NULL, 'en', 297, 0, 'Buenos Aires', 'Est. 1981. Eng/Spa Translator. Astronomy geek. Liverpool FC supporter. Hardcore Anglophile. Professional daydreamer. Hopeless Sherlockian.', 32728, 719),
(189050609, 'Alan Taylor', 'PGPBOARD', 'http://pbs.twimg.com/profile_images/1198512674/Profile_pic_normal.jpg', '2010-09-10 09:21:33', 'London, England', 'http://t.co/qWRxcocDb8', 'en', 576, 0, 'London', 'Countering some of the Wikileaks hype and hubris.', 18136, 478),
(189332529, 'Nicole Rawr', 'Rawr_Lovatic', 'http://pbs.twimg.com/profile_images/3308546785/4e8b6816541c46ee31f210a4345368eb_normal.jpeg', '2010-09-11 02:13:42', 'Adventure Time!!!!', 'http://t.co/3zgkhs3oeX', 'en', 745, 0, 'Pacific Time (US & Canada)', 'hey all you gorgeous pleople. I''m just another teenager finding my way. Ask for a follow back.', 16156, 1956),
(192529665, 'Anja', 'trude84', 'http://pbs.twimg.com/profile_images/1608196987/Trude_normal.jpg', '2010-09-19 14:17:08', 'Chemnitz', NULL, 'de', 102, 0, 'Berlin', '', 4763, 94),
(196202006, 'JaSonambulism', 'ashlar36', 'http://pbs.twimg.com/profile_images/378800000829947360/2cf73fc82afbe2a832ae6408603560a5_normal.jpeg', '2010-09-28 17:32:44', 'close to my phone charger', 'http://t.co/zpCeLlErJO', 'en', 1293, 0, 'Central Time (US & Canada)', '@BriarSly IS BACK MOTHERFUCKERS!!\n\n #BraydenStrong', 31808, 963),
(197833061, 'Mario', 'mma1590', 'http://pbs.twimg.com/profile_images/378800000625170445/af1b274c2cae33afee210385a691945a_normal.jpeg', '2010-10-02 17:54:01', 'Guadalajara (la Original)', NULL, 'es', 125, 0, 'Madrid', 'Sigue sin dar Igual', 8219, 374),
(203295053, 'Tyler Merkel', 'tyler_merkel', 'http://pbs.twimg.com/profile_images/378800000453109987/d59527090239ae47e78d99db6353d199_normal.jpeg', '2010-10-16 01:42:03', 'Muncie, IN', NULL, 'en', 381, 0, 'Eastern Time (US & Canada)', 'Proud American. Christian. Ball State. Golfer.', 5490, 378),
(203406454, 'Fajria Maulida', 'JhiiaWookie', 'http://pbs.twimg.com/profile_images/378800000776225574/60e70e7af45817be625d734b718e6e4d_normal.jpeg', '2010-10-16 07:37:53', 'Behind you', NULL, 'en', 321, 0, 'Alaska', 'if my music is too loud , you''re too old . no heels no skirt no make up half human yellow addict . ELF Blackjacks NIC . Instagram line : jhiiawookie WAGS EXIS', 31215, 297),
(205137691, '????????', 'CSR_Korea', 'http://pbs.twimg.com/profile_images/1151858923/portal-logo_normal.jpg', '2010-10-20 08:59:22', 'Seoul', 'http://t.co/TAQPHZqE89', 'en', 107, 0, 'Seoul', '??? ?? ?? ??? ?? ?????? ??? ???? ???? ?????^^  ??????, ????, ??????, ??? ?? ?? ?? ??? ???? ????.', 134, 207),
(211335270, 'Chloe Ralphs', 'Chloe_Ralphs', 'http://pbs.twimg.com/profile_images/378800000788998840/5ee20e2d03b11c69da103b2bbbbcc034_normal.jpeg', '2010-11-03 00:49:50', '', NULL, 'en', 291, 0, NULL, 'Its not about how many breaths you take, it''s the moments that take your breath away...', 2074, 423),
(214704580, 'cecil', 'chanheesangel', 'http://pbs.twimg.com/profile_images/378800000827108856/b8429d143726c43e9cce5c51e3fe4c1d_normal.png', '2010-11-12 02:19:07', '', 'http://t.co/exOLE5fK6W', 'es', 1841, 0, 'Greenland', '?? @15wonderboys es MÍA, si la miras te mato ??', 46785, 1377),
(215478601, '«@lex Fuentes»', 'Fuentes_Alexy', 'http://pbs.twimg.com/profile_images/378800000637578606/d0e235387bd7d04ba6a18437fcf0eacc_normal.jpeg', '2010-11-14 02:53:53', 'Honduras C.A.', 'http://t.co/0iwwA9cMCe', 'es', 21, 0, 'Mountain Time (US & Canada)', 'No existen limites', 762, 82),
(215776529, 'Pinkyplanet', 'PinkyplanetGC', 'http://pbs.twimg.com/profile_images/1455116782/Pinkyplanet_normal.jpg', '2010-11-14 22:53:15', 'Handewitt', NULL, 'de', 49, 0, 'Greenland', '', 334, 100),
(215875510, 'Daniel J.', 'xenelight', 'http://pbs.twimg.com/profile_images/378800000788519398/bab08508c092cbeaa5ef9cfdc59a8668_normal.jpeg', '2010-11-15 05:32:32', '??? ??? ??1?', NULL, 'en', 813, 0, 'Hawaii', 'Hello,\r\nI am a Bohemian loving World tour and very interested in Love, Books, and Dream.', 394, 1257),
(217388162, ' {??? ?? {??×?', 'smbabies', 'http://pbs.twimg.com/profile_images/378800000752658801/cff6c425e82ebdaa7fbd47cbc2f5bd05_normal.jpeg', '2010-11-19 12:44:58', '(?×?)', NULL, 'en', 3915, 0, 'Kuala Lumpur', '?broken english  ?', 32827, 469),
(217634501, 'OneUSMarineRet', 'MasterGuns1313', 'http://pbs.twimg.com/profile_images/378800000772667601/123739fd3697cfe6bef883ed4cbbd186_normal.jpeg', '2010-11-20 03:12:52', '', NULL, 'en', 14961, 0, 'Alaska', 'MGySgt USMCRet.  A Reagan Conservative who loves America & The American People.  It was my Honor to Serve. God Bless Our Troops, God Bless America!', 41947, 14698),
(217770773, 'Nurettin Okumu?', 'okumusnurettin', 'http://pbs.twimg.com/profile_images/378800000825858169/cd17cbff3702b27a617e94c100fee282_normal.jpeg', '2010-11-20 14:47:59', '', NULL, 'tr', 149, 0, 'Istanbul', '??? ???? ??? ???? islâmbol •', 815, 162),
(220006186, 'S Joosten', 'stejoo', 'http://pbs.twimg.com/profile_images/2642757236/d638800933212db849a4b7503cf4704f_normal.png', '2010-11-26 15:22:52', '', NULL, 'en', 41, 0, 'Amsterdam', '', 531, 52),
(227121527, 'Sara Gabriella', 'misssarasays', 'http://pbs.twimg.com/profile_images/378800000812401620/aaea490493e207a3359bf4810c41995d_normal.jpeg', '2010-12-16 01:07:55', 'Everywhere and nowhere...', 'http://t.co/DW5rNCgxHM', 'en', 1378, 0, 'Pacific Time (US & Canada)', 'Tweet mixology:  Substance and Sass, served straight up, garnished with a sprig of funny', 11240, 1189),
(229823913, 'Daniele Zanoletti', 'thezano5', 'http://pbs.twimg.com/profile_images/1197103796/fallout-logo_normal.png', '2010-12-23 13:31:36', '', 'http://t.co/ProopFQegE', 'it', 53, 0, 'Athens', '', 179, 86),
(230865568, 'manuel s von bertrab', 'menysvb', 'http://pbs.twimg.com/profile_images/378800000593134014/f1118a07878c93079ebc839de1d50ad6_normal.jpeg', '2010-12-27 00:02:57', 'torreon, coah', 'http://t.co/3mgUp9pvsC', 'es', 70, 0, 'Guadalajara', '', 3085, 231),
(233222430, 'Christmas J. Blige', 'TripleTrill', 'http://pbs.twimg.com/profile_images/378800000733513703/2c5fac6880290441aee886f1f0ffd2fa_normal.jpeg', '2011-01-02 18:11:56', 'The Bae Area', NULL, 'en', 354, 0, 'Central Time (US & Canada)', '#PettyFam', 7080, 320),
(238637288, 'Sophia lacy.', 'Sophie_Lacy', 'http://pbs.twimg.com/profile_images/378800000606698957/21032593cacaa50ed4c823e7d18dc46f_normal.jpeg', '2011-01-15 18:14:05', 'Goodrich, MI.', NULL, 'en', 574, 0, 'Central Time (US & Canada)', 'Every journey begins with a single step? #sophomore #varsitycheer', 11074, 502),
(239258323, '??? ????? ???? ', 'PhilipsLife', 'http://pbs.twimg.com/profile_images/378800000736763512/67cca0e6a61a9a980b6faa0d99ece8d3_normal.png', '2011-01-17 06:47:40', '', 'http://t.co/eXQFQqGGPL', 'ko', 10816, 0, 'Seoul', '???? ?? ?? ??, ??? ????? ????! ?? ??????! http://t.co/eXQFQqGGPL', 2958, 11053),
(239369709, 'HaeInKang', 'haeinkang0817', 'http://pbs.twimg.com/profile_images/1218074541/test_normal.gif', '2011-01-17 14:22:45', '35.1799817,128.1076213', NULL, 'en', 3434, 0, NULL, 'Student, JinJu', 298888, 3803),
(242217819, 'emmapraa', 'emmasaripradik', 'http://pbs.twimg.com/profile_images/378800000822312155/779237fd831c0b262a1cd3580cfb1120_normal.jpeg', '2011-01-24 08:04:12', '', NULL, 'en', 314, 0, 'Pacific Time (US & Canada)', 'Allah? @emmasaripradik @emmapraa @AllRiseSilver? jewels? @imSMI?  @GaemGyu?. #kyuminshipper?', 6675, 620),
(242832722, 'Vanni Zerauschek', 'VanniZera', 'http://pbs.twimg.com/profile_images/1660865733/VZ_normal.jpg', '2011-01-25 19:09:40', '', NULL, 'it', 24, 0, 'Rome', '', 221, 141),
(248354340, 'Marian Propstra', 'marianpropstra', 'http://pbs.twimg.com/profile_images/3611931771/4778368f49ee72718e4d26e1bcef2559_normal.jpeg', '2011-02-06 21:37:18', 'Randstad', NULL, 'nl', 955, 0, 'Amsterdam', 'Openbaar bestuur + maatschappelijk middenveld | Liberaal| Pastinaeckberaad| Lid RvT en RvA| Politiek, Samenleving, Economie en EU| tweets op persoonlijke titel', 20980, 499),
(248384452, 'HorstNRW', 'HorstNRW', 'http://pbs.twimg.com/profile_images/1240600282/Horst_NRW_normal.GIF', '2011-02-06 23:02:53', '', NULL, 'de', 192, 0, 'Athens', 'And forgive us our debts, as we forgive our debtors.', 11134, 352),
(251810891, 'Roscoe (Dee''Aye) TP', 'GreenBillShawty', 'http://pbs.twimg.com/profile_images/378800000741316416/fab1148552ee74f276b4f9d4989a0d96_normal.jpeg', '2011-02-13 23:15:02', 'With the TPs ', 'http://t.co/j9yCGlAFxW', 'en', 561, 0, 'Indiana (East)', 'D''Angelo King', 32592, 423);
INSERT INTO `users` (`id`, `name`, `screen_name`, `profile_image_url`, `created_at`, `location`, `url`, `lang`, `followers_count`, `verified`, `time_zone`, `description`, `statuses_count`, `friends_count`) VALUES
(252885454, 'Matt Bermea™', 'MattyB_04', 'http://pbs.twimg.com/profile_images/378800000787045067/c0a6a2b5451dbf15f1ff1cf9a0d24c87_normal.jpeg', '2011-02-16 04:23:14', '', NULL, 'en', 352, 0, NULL, 'Always surround yourself with them good vibes. ? Livin'' in the good ol Minnesn?wta 507', 14167, 240),
(256968470, '????', 'takaken_wurst', 'http://pbs.twimg.com/profile_images/378800000469086592/639712e1fc4e9d934af4c9294a4c7988_normal.jpeg', '2011-02-24 13:56:02', '?????', NULL, 'ja', 165, 0, 'Tokyo', 'STAR TREK / Spock / ZACHARY QUINTO / APH / Evangelion / Japan / HEROES /', 20862, 149),
(258003667, 'vetTed one', 'tedklamerus', 'http://pbs.twimg.com/profile_images/378800000121225789/b7b04d4996736ed973ca39ce644ee7f4_normal.jpeg', '2011-02-26 20:07:01', 'longview texas', NULL, 'en', 1786, 0, 'Central Time (US & Canada)', 'USAF vet , Builder of hospitals, Father of two, always looking for the bright side.', 3536, 1981),
(258579472, '@kikamondelo', 'kikamondelo', 'http://pbs.twimg.com/profile_images/2808270791/63325dacf1a03319f6fc1bebaa19c50d_normal.jpeg', '2011-02-28 02:17:29', '', 'http://t.co/EhWcqKgUNJ', 'es', 1580, 0, 'Berlin', '', 212020, 1154),
(261541235, 'Puspa Helenna', 'puspahelenna', 'http://pbs.twimg.com/profile_images/378800000806366176/b94f0fd6ee79a0c52861b228e8f52be4_normal.jpeg', '2011-03-06 05:48:36', '', NULL, 'id', 242, 0, 'Pacific Time (US & Canada)', 'Jangan kepo !!', 6004, 252),
(265406861, '??????? ???????', 'wheremahand13', 'http://pbs.twimg.com/profile_images/1864502808/imagesCAUA1RJ5_normal.jpg', '2011-03-13 15:00:42', '', NULL, 'en', 437, 0, 'Seoul', '?,?, ?? ???,)?????? ??? ??????? ???????  ?????????? ????..?....?????.??????????..(???)??????..?? ?????????..?,?...?? ????& ????=?????____?', 101088, 423),
(266212992, 'Victoria Kerr', 'Victoria_Kerr', 'http://pbs.twimg.com/profile_images/378800000456779733/104e25c8f89d722ea12cd7ebbe948c59_normal.jpeg', '2011-03-14 22:31:55', 'Glasgow', 'http://t.co/Y7ziTCZB7e', 'en', 241, 0, NULL, 'Graphic Designer and creative with a love of politics, film and interactive design.', 1445, 323),
(267126880, 'Estefi', 'chefidiaz', 'http://pbs.twimg.com/profile_images/378800000675619939/cdf8b7e6c3d4fe72a2bd0428a4da279a_normal.jpeg', '2011-03-16 12:18:24', '', NULL, 'es', 836, 0, 'Madrid', 'Sólo los valientes saben lo que es el miedo. Estoy cagada.', 133700, 296),
(279390084, 'Anonymous', 'YourAnonNews', 'http://pbs.twimg.com/profile_images/1769643466/258844_104131489680984_104118713015595_32268_721285_o__1__normal.jpeg', '2011-04-09 07:10:37', 'Right behind you.', 'http://t.co/DSmRRLzgz2', 'en', 1183351, 0, 'Quito', '#FreeHammond', 76866, 441),
(285535610, 'Miracle in December', 'EXOrdinaryFan', 'http://pbs.twimg.com/profile_images/378800000732373110/04d54a9756593d4d96f47e3594c8cab2_normal.jpeg', '2011-04-21 12:05:50', 'EXO FANGIRL since MAMA ERA ', 'http://t.co/x0PNftaLVJ', 'en', 4262, 0, 'Alaska', 'I STAN 12 BOYS WHO ARE FEMININE THAN ME', 8146, 2806),
(285966757, 'IFG - ????', 'ifangurrl', 'http://pbs.twimg.com/profile_images/1348412644/twitter_normal.png', '2011-04-22 05:24:46', 'Seoul,South Korea', 'http://t.co/TeqYODqhok', 'en', 351, 0, 'Alaska', 'http://t.co/TeqYODqhok - Dramas,Movies,TV Shows,Sitcoms,Music Videos,Music Album Torrents,English Subs and Downloads,Ulzzangs,Korean Models.', 2493, 801),
(286217515, 'Carmen Renieri', 'RenieriArts', 'http://pbs.twimg.com/profile_images/378800000651413446/fd1422404b1870fd26f6acebea95a90b_normal.jpeg', '2011-04-22 17:33:51', 'Nurnberg, Germany', 'http://t.co/wgrvEVIcLR', 'en', 17470, 0, 'Eastern Time (US & Canada)', 'Freelance visual artist and art lover\r\n Tweet me! :)\r\n#Romaniastopanimalabuse #StopFukushimaBlackout', 45335, 13220),
(288116382, 'READ BIO,CEK FAV!', 'CabeKshopStuff', 'http://pbs.twimg.com/profile_images/378800000198849380/7d20b4231439fef983fd8e184b025c57_normal.jpeg', '2011-04-26 10:24:34', 'South Korea - Indonesia', 'http://t.co/wVCzc3LxJD', 'en', 7669, 0, 'Pacific Time (US & Canada)', 'Trusted Seller! Only Serious Buyer!\nMau ORDER Cek = http://t.co/HspXcjMAua…\r\nWA/SMS: 081947411803\r\nLine : CabeKshopStuff\r\nNO CANCEL! NO HIT & RUN!', 11097, 51),
(288390618, 'Mathieu Paul Dumont', 'cardswell', 'http://pbs.twimg.com/profile_images/378800000601680583/b3d5250aa7dd131fa081645fdd7a0732_normal.jpeg', '2011-04-26 21:32:40', 'Germany', NULL, 'en', 225, 0, 'Eastern Time (US & Canada)', 'I believe in freedom. I believe in human diversity, the beauty of it, the individual man, one defined by action. Senior Editor at @ThePoliBouillon', 1078, 584),
(288978349, 'Great War Stories', 'WW1Stories', 'http://pbs.twimg.com/profile_images/378800000716012968/bdc9a786b5fe3c7a1ed7e09c013b668e_normal.jpeg', '2011-04-27 22:00:46', 'See also @gibrides', 'https://t.co/nwrK4Icjxu', 'en', 440, 0, 'London', 'Duncan Barrett is currently writing Men of Letters, a book about the Post Office Rifles in WW1. He previously edited pacifist war memoir The Reluctant Tommy.', 547, 1235),
(289107462, 'antikpopfangirl', 'antikpopfangirl', 'http://pbs.twimg.com/profile_images/378800000788817396/9cc34b47cfc3d2c766be570bd262cfa5_normal.jpeg', '2011-04-28 03:26:40', '', 'http://t.co/2DEN5sYfwf', 'en', 805, 0, 'Quito', 'Founder of Anti Kpop-Fangirl.', 4281, 22),
(290395588, 'AP', 'apriliaintann', 'http://pbs.twimg.com/profile_images/378800000607670017/8e4a768ff66984f084a173ee87c93973_normal.jpeg', '2011-04-30 08:26:39', 'indonesia', NULL, 'en', 175, 0, 'Jakarta', 'Pejuang/22/mahasiswaUNS/chemicaleducation2009/boyolali-solo/', 6571, 142),
(290811933, '?Amy ?', 'chikatkm', 'http://pbs.twimg.com/profile_images/378800000732508794/898b783bd3047b6a48eb62b43601e2f1_normal.jpeg', '2011-05-01 01:56:52', '', NULL, 'es', 39, 0, 'Central Time (US & Canada)', 'Zombie. Monster Univercyti', 5148, 130),
(291154090, 'Anand J/.waR-', 'AJ_1990x', 'http://pbs.twimg.com/profile_images/3770533264/5f9f31838dbe25bb1548668df07f20f8_normal.jpeg', '2011-05-01 17:01:17', 'Trinidad', 'http://t.co/mDZTK77jR3', 'en', 70, 0, 'La Paz', 'xo til we overdose', 1091, 85),
(302854196, 'Agobado del Dialbo', 'tamancio95', 'http://pbs.twimg.com/profile_images/378800000664001623/430808259b95aca0a2c9448f53ecbb04_normal.jpeg', '2011-05-21 23:35:23', 'Gigia, Gijón es muy meistrim', 'http://t.co/yqqzmdcq0Z', 'es', 109, 0, 'Greenland', 'Porros y cerveza. Jesucristo era un velocirraptor.', 4548, 105),
(307817157, 'Namyva', 'Namyva13', 'http://pbs.twimg.com/profile_images/378800000623853661/929b114c547374eabd7a9488acc758b0_normal.jpeg', '2011-05-30 12:26:33', 'Manchega por el mundo.', NULL, 'es', 276, 0, 'Athens', 'Si leerme te intimida, imagínate en la cama.', 6224, 507),
(310691183, 'Indonesian ? 2N?1', 'Planet2NE1', 'http://pbs.twimg.com/profile_images/2148611477/ciku1ugjkjk_normal.jpg', '2011-06-04 07:35:22', 'Indonesia', NULL, 'en', 10839, 0, 'Jakarta', '2NE1: ''Be a RESPECTFUL & WELL-MANNERED fan of 2NE1. It’s 2NE1 & Blackjacks together that makes 2NE1?s image.''', 39478, 27),
(311563960, 'Kiyoshi Uematsu', 'Kiyoshi_Uematsu', 'http://pbs.twimg.com/profile_images/2843095166/09ace917c4765b3fae6ffc1bfe9a9cae_normal.jpeg', '2011-06-05 19:25:16', 'Portugalete', NULL, 'es', 1205, 0, NULL, 'Integrante del Equipo Español de Judo en -73kg ; Bronce Mundial ,Campeon de Europa,Campeon JJMM, Integrante del equipo Olimpico en Sydney Athenas y Londres.', 402, 23),
(315495725, 'Patrick L. Lee', 'patricklee6669', 'http://pbs.twimg.com/profile_images/3748434981/d25e739232321dccb562ab5ac6726ab2_normal.jpeg', '2011-06-12 01:56:30', 'PDX', NULL, 'en', 1911, 0, 'Arizona', 'Never think that the sky is the limit, when there are footprints on the Moon!', 80297, 2091),
(320657168, 'Fakta Google', 'FaktaGoogle', 'http://pbs.twimg.com/profile_images/378800000059654663/163afc8514ce3f70ad2375cdf3df6304_normal.png', '2011-06-20 11:05:08', 'indonesia', 'http://t.co/QTdetl150W', 'id', 386075, 0, 'Jakarta', 'Googling Random Facts. Don''t Believe The Facts? Google It. Source: Google.', 2082, 32),
(322325818, 'i c e c u b e', 'ShallowShan_', 'http://pbs.twimg.com/profile_images/378800000760164014/3d80cd302db22b0b2a007507a7e53200_normal.jpeg', '2011-06-23 02:30:23', 'Chilligan''s Island', NULL, 'en', 2069, 0, 'Quito', 'Allahu Alim.', 149432, 1170),
(325241444, 'Sass Queen', 'SammiD4nni', 'http://pbs.twimg.com/profile_images/378800000806382995/b8372f409638aa425a208fd700bc7d91_normal.jpeg', '2011-06-28 01:54:09', '', 'http://t.co/QdHYZUsXeK', 'en', 250, 0, 'Pacific Time (US & Canada)', 'A lion doesn''t lose sleep over the opinion of sheep.', 12285, 296),
(328278834, 'El_Grillo', 'El_Grillo1', 'http://pbs.twimg.com/profile_images/2887171357/4ef32420ec68b004cc9c308e22799b2f_normal.jpeg', '2011-07-03 04:30:16', '', NULL, 'en', 1669, 0, 'Pacific Time (US & Canada)', 'Always Let Your Conscience Be Your Guide \r\nSemper Gumby\r\nThe opinions expressed are not necessarily my own - so feel free to use them.', 59352, 354),
(331109610, 'Rhyzhm', 'Rhyzhm', 'http://pbs.twimg.com/profile_images/2169132390/Untitled_normal.png', '2011-07-07 19:22:37', '', NULL, 'en', 37, 0, 'Sydney', 'Haunted by the thought of God', 10274, 35),
(331921127, 'Luke Power', 'lpowernl', 'http://pbs.twimg.com/profile_images/3187434017/fc52226f36658824ba6e39ae77ef2515_normal.jpeg', '2011-07-09 00:58:49', 'St John''s, NL, Canada', 'http://t.co/k1EcfIbOXw', 'en', 34, 0, 'Newfoundland', 'Bachelor of Commerce Co-operative student at Memorial University with a minor in Geography.  Passion for international travel, sailing, skiing, and hiking', 78, 40),
(332938657, 'Alasdair', 'alasdair89', 'http://pbs.twimg.com/profile_images/378800000394554542/cd0b9507df7860642165588a6e2cae34_normal.jpeg', '2011-07-10 20:03:13', 'Tokyo', NULL, 'ja', 68, 0, 'Rome', 'I am interested in the immense Japanese culture. A life between Tuscany and Sicily, eventually I docked in Venice. Now in Tokyo!', 1576, 199),
(333454592, 'prettylilpothead', 'pertylilpothead', 'http://pbs.twimg.com/profile_images/378800000829698468/230d9b55baa8403f56827253869e5336_normal.jpeg', '2011-07-11 17:26:18', '', NULL, 'en', 1366, 0, 'Pacific Time (US & Canada)', 'PATRIOT OF AMERICA  #legalize #endthefed #policestate #wakeup #deathsquad #knowledgeispower  Laughter and Pot are the Best Medicines. In love with my boyfriend', 22081, 2003),
(337529500, 'DREAMERS RADIO', 'DreamersRadioID', 'http://pbs.twimg.com/profile_images/3277978122/1d435dd45a816ab45044f726f5d183b6_normal.jpeg', '2011-07-18 07:08:18', 'Jakarta, Indonesia', 'http://t.co/a1tjM7XI85', 'en', 47142, 0, 'Bangkok', 'THE BEST STREAMING RADIO IN TOWN! listen on your BB/ANDROID/APPLE/PC/TuneIN [ e: info@dreamersradio.com | p: (+6221)719.8861 ]', 152974, 1136),
(337814347, 'Angelique', 'tresAngelique', 'http://pbs.twimg.com/profile_images/378800000826556995/6b1b79b50a8a486891421d225d1ce79a_normal.jpeg', '2011-07-18 18:34:01', ' Florida', 'http://t.co/ajJ61cg1mn', 'en', 433, 0, 'Eastern Time (US & Canada)', 'Dream Defender. Transcendentalist. Beyonce Fan.', 12409, 857),
(341374351, 'Miquel Manubens ', 'MiquelManubens', 'http://pbs.twimg.com/profile_images/378800000654375558/8f62af20c7ab8104fd63db667f653c68_normal.jpeg', '2011-07-24 09:54:56', ' (CAT)', 'http://t.co/IAnZk6ZzFM', 'ca', 567, 0, 'Berlin', 'Franctirador polític, Afeccionat a la història, editor, publicista i ara autor d''un llibre: http://t.co/iIpDb5WfiB', 5053, 364),
(343581728, 'Selena Gonzalez ?', 'SelenaMerie_G', 'http://pbs.twimg.com/profile_images/378800000743743244/57225b9e97250eacab3628576d10bf3f_normal.jpeg', '2011-07-27 21:50:36', 'Bordentown, New Jersey', 'http://t.co/FIyhTbx1tH', 'en', 538, 0, 'Eastern Time (US & Canada)', '? I excell at being socially akward ;) ?*Singer* (not famous-YET) .xx •Facebook:http://t.co/UTwzyDA6xq Insta:selenamerie   ??', 1948, 1966),
(343677384, 'YAMMAS Network', 'tzaziki_greece', 'http://pbs.twimg.com/profile_images/3580038899/edc05d3dd4803ef9912a445944cdaa6e_normal.jpeg', '2011-07-28 00:42:09', 'Global', NULL, 'en', 941, 0, 'Beijing', 'Breaking news, movie & music from all over the world and space 24/7. Different angles and sources, opinions are not ours.', 22676, 1066),
(350079556, 'Okka Adittio', 'OkkaAdittio', 'http://pbs.twimg.com/profile_images/378800000696541031/e5ffbb27d73a52349185d99823cb8777_normal.jpeg', '2011-08-07 07:08:43', 'Curup, Bengkulu, Indonesia', NULL, 'en', 251, 0, 'Jakarta', 'LA VECHIA SIGNORA', 4449, 243),
(353461486, 'WitCoHE', 'EricStrobel', 'http://pbs.twimg.com/profile_images/378800000410163379/2bb806f407d51c4549114de63ec4d5fb_normal.jpeg', '2011-08-12 05:19:08', 'New Market, AL', NULL, 'en', 8082, 0, 'Central Time (US & Canada)', 'Physicist. From NJ farm country - NoVA (25 yrs) - now in AL. My ideas = mine. RT ? endorse. Con&FisCon GMO=Yum! Backup = @WitCoHE_Bak', 45005, 8028),
(354049630, 'jesse', 'jesse_wurst', 'http://pbs.twimg.com/profile_images/378800000512016635/4eb240851edd158eff11aed741129975_normal.jpeg', '2011-08-13 03:58:55', '', NULL, 'en', 336, 0, NULL, 'Keep it real', 2979, 127),
(354373609, 'Conor Mccabe', 'conormcbabe', 'http://pbs.twimg.com/profile_images/378800000790700298/6c43e88448fe898dae1f9b5f1b87d4d6_normal.jpeg', '2011-08-13 18:18:03', '740 Park Avenue', NULL, 'en', 258, 0, 'Amsterdam', 'A society grows great when old men plant trees knowing they will never get to sit in there shade.', 5558, 216),
(363695853, 'rach', 'helrac_mich', 'http://pbs.twimg.com/profile_images/378800000686397622/d334295d48905c2ec08ed80c21305fe1_normal.jpeg', '2011-08-28 16:53:14', 'east longmeadoww', NULL, 'en', 383, 0, 'Eastern Time (US & Canada)', 'you regret the things you didn''t do more than the things you did \nfollow me on insta -@racheloxo33\nAnd snapchat - rauckel', 3128, 317),
(363927126, 'Abby', 'AbbyGailPlant', 'http://pbs.twimg.com/profile_images/378800000807485740/ed45380e4c7c27d7603c08648a0aad8d_normal.jpeg', '2011-08-29 00:50:38', '', NULL, 'en', 308, 0, 'Central Time (US & Canada)', 'Life''s a beach, I''m just playin in the sand.', 15858, 374),
(365995381, 'N. Falempin - Nalaf', 'videoludroit', 'http://pbs.twimg.com/profile_images/378800000546200168/d2335d1c4526ae4284dc513b7c2a374a_normal.jpeg', '2011-09-01 13:37:36', 'Alsace', 'http://t.co/JanIJvAM28', 'fr', 54, 0, 'Athens', 'Co-secrétaire national du Parti Pirate France, agitateur d''idées iconoclastes. Veggie, Boardgamer, SF reader. Aime le droit public & la propriété intellectuelle', 671, 123),
(367323833, 'Divitri', 'davidvidal57', 'http://pbs.twimg.com/profile_images/3570425573/3d7750615526da01a47f56c58727297c_normal.jpeg', '2011-09-03 21:40:55', 'Bosques del viejo oeste', NULL, 'es', 99, 0, NULL, '', 302, 92),
(369800079, 'Cooper', 'chicken_COOOP', 'http://pbs.twimg.com/profile_images/378800000767266837/5bcc1b9b7c4056af04240c7afdc2af2f_normal.png', '2011-09-08 01:48:45', 'Elkridge, Md', 'https://t.co/oCBM4s696h', 'en', 559, 0, 'Pacific Time (US & Canada)', 'Aldridge''s prodigy #rats its all good', 3089, 540),
(372091536, '? lexi', 'lexi_merkel', 'http://pbs.twimg.com/profile_images/378800000823235577/f8d545032b33f8adfca49e863a5a86f1_normal.jpeg', '2011-09-12 05:26:46', '', NULL, 'en', 589, 0, 'Quito', 'fuck bitches get money', 22916, 316),
(386278653, 'ill¥ ¥en', 'illuzual', 'http://pbs.twimg.com/profile_images/378800000828299056/8f066a79135ccaad134c0def3a40d166_normal.jpeg', '2011-10-07 02:01:12', 'Deepest point of the oceans ', 'http://t.co/o8PPVgLr1q', 'en', 475, 0, 'Casablanca', 'I got an old soul... Steady paying due''s.  http://t.co/Vh0TmwdbLp', 8347, 593),
(386350932, 'Michael Spiwak', 'MichaelSpiwak', 'http://pbs.twimg.com/profile_images/378800000821039055/b65f80c29904bdfdcf5d233851938614_normal.jpeg', '2011-10-07 05:12:52', 'Phoenix', 'http://t.co/5XDqOPDorX', 'en', 1092, 0, 'Arizona', 'The premise behind our show is to promote artists of any kind, talented musicians, local nonprofits and all-around good people!', 1264, 1777),
(389809855, 'BestMadeInKorea', 'bestmadeinkorea', 'http://pbs.twimg.com/profile_images/2598318045/e8f5x6gl3z4kloe9haxb_normal.png', '2011-10-13 03:12:29', 'Seoul, Korea', 'http://t.co/2f31CNkUpt', 'en', 3609, 0, 'Eastern Time (US & Canada)', 'Welcome to the Confident Way to Global Trade at http://t.co/04zvqoCK!  The Online Worldwide Global Marketplace Dedicated to the Best Products of Korea!', 984, 3688),
(396353004, 'Hazzardousactivity', 'JarrodHazzard', 'http://pbs.twimg.com/profile_images/378800000772197115/27b87cba091138562f63c4a6289698be_normal.jpeg', '2011-10-23 06:28:45', 'ur moms house', NULL, 'en', 990, 0, NULL, '', 9033, 1406),
(399176213, 'Miranda Merkel ', 'Miranda_Merkel', 'http://pbs.twimg.com/profile_images/378800000646131095/69ee7266a1d31bdb125230dca15d8571_normal.jpeg', '2011-10-27 05:13:20', '', NULL, 'en', 157, 0, 'Mountain Time (US & Canada)', 'Richards school of the dance. Oshkosh West tennis team. FOLLOW ME ?', 2145, 142),
(399392017, 'Ludwig Beilschmidt', 'LudwigB_bot', 'http://pbs.twimg.com/profile_images/1609298695/7__MTM3MTI0_normal.jpg', '2011-10-27 14:41:39', 'Deutschland', NULL, 'ja', 40, 0, 'Hawaii', 'APH???????????????bot??????bot??????????????????????????????????????', 18483, 45),
(399577207, 'Sair', 'SairBonack', 'http://pbs.twimg.com/profile_images/378800000735632455/6d3171ece4aca562a67d066373f97276_normal.jpeg', '2011-10-27 20:19:28', 'The Laboratory of Dr. Weird', NULL, 'en', 226, 0, NULL, 'Dental student, taken, dog lover ?', 5236, 366),
(399774230, 'Michael Allen Martin', 'michaelallenmar', 'http://pbs.twimg.com/profile_images/378800000097320711/aee82c0ff1abd2ee62e2177e18c37b8c_normal.jpeg', '2011-10-28 03:01:33', '', NULL, 'en', 5678, 0, 'Eastern Time (US & Canada)', 'Progressive-Writer-Expat-Hong Kong', 33373, 5012),
(403466148, 'Maury Compson', 'MauryCompson', 'http://pbs.twimg.com/profile_images/378800000766309829/78045dc57a732a0ddc5d9a89ab74a4be_normal.jpeg', '2011-11-02 15:54:33', '', NULL, 'en', 944, 0, 'Atlantic Time (Canada)', 'Hi', 34284, 301),
(403495123, 'GABRIELLE', 'Gjuarez15', 'http://pbs.twimg.com/profile_images/378800000754901605/e2eb11087466e588bd9e981ccc963cf3_normal.jpeg', '2011-11-02 16:42:11', '', NULL, 'en', 280, 0, 'Alaska', 'I work at a college as a janitor even though I feel like I''m smarter than most of the people who go there and my best friend''s Ben Affleck, bye .', 8981, 254),
(411621494, 'judy morris', 'judymorris3', 'http://pbs.twimg.com/profile_images/1741998578/47727_101193049944953_100001627744007_5187_5175395_n_normal.JPG', '2011-11-13 18:18:57', 'Texas', 'http://t.co/roOK7mmTQp', 'en', 2511, 0, 'Central Time (US & Canada)', 'Advocates for peace, liberty and prosperity.  Ron Paul supporter.\r\nFacebook: https://t.co/n21dAg98Tl\r\nBlog: http://t.co/8THZ9HGpue', 40258, 2687),
(411765161, 'Klara Wojtas', 'klaruniaaa', 'http://pbs.twimg.com/profile_images/378800000795242915/6855cce553ce2d131a42280792f4d046_normal.jpeg', '2011-11-13 22:08:06', '', NULL, 'en', 438, 0, 'Atlantic Time (Canada)', 'Cody has a nice ass', 11052, 391),
(414252569, 'Mehmetcan Kavaso?lu', 'm_kavasoglu', 'http://pbs.twimg.com/profile_images/378800000332859392/f5d064b881fe62eca548aa0b35dcdde7_normal.jpeg', '2011-11-16 21:39:19', '?stanbul', 'http://t.co/6BaezZkDfc', 'tr', 213, 0, 'Istanbul', 'Pertevniyal''13 / @Bahcesehir University - Software Engineering / @BUSCofficial / Sadece #Galatasaray / #BahçeAS / A.C.A.B.', 1652, 212),
(415719423, 'Dontã Kirkland ??', 'Why_YouMadTho', 'http://pbs.twimg.com/profile_images/378800000826680437/e19f9c0efe0e4cc54e827f105a1dfe86_normal.jpeg', '2011-11-18 19:27:33', 'Valdosta , GA', NULL, 'en', 1106, 0, 'Central Time (US & Canada)', 'Your local Photographer  \nIm just as real as they get \nTalk shit get hit \nDeven Donta Kirkland will forever shine', 54670, 654),
(416975774, '??? ??', 'merkel_krbot', 'http://pbs.twimg.com/profile_images/1648317006/merkel_profile_normal.jpg', '2011-11-20 12:02:39', '', NULL, 'en', 9, 0, NULL, '?????? :Q', 11464, 10),
(418161708, 'Alex Snowden', 'Alex_Snowden', 'http://pbs.twimg.com/profile_images/378800000819944353/40df09d7e61d0b95f23d76a8bdecd9fd_normal.jpeg', '2011-11-21 21:53:29', 'Manchester', NULL, 'en', 548, 0, 'London', 'Success means having the courage, the determination and the will to become the person you believe you was meant to be... Instagram- alexsnowden1..follow me ;)', 4677, 719),
(425243419, 'Slim Shady', '_Suit__Up', 'http://pbs.twimg.com/profile_images/378800000803344187/d0d146478071fcad3d6ca06a1b924180_normal.jpeg', '2011-11-30 20:10:27', 'UK', NULL, 'en', 191, 0, 'Amsterdam', 'Hello friends; I''m a black belt, writer and okay guy! Love Eminem, Bastille, Childish Gambino and The Lonely Island! Snapchat - callum-69 #SixSeasonsAndAMovie', 3616, 617),
(426264361, 'Tom', 'im_so_trendy', 'http://pbs.twimg.com/profile_images/378800000804793207/8f908d18391067fb16feaaa338a46b06_normal.jpeg', '2011-12-02 02:26:45', '', NULL, 'en', 189, 0, 'Buenos Aires', 'Gucci', 154, 161),
(426762373, 'DHIKA', 'pradiptandhika', 'http://pbs.twimg.com/profile_images/378800000802168674/c912382e1026ede1d6bd46fc675815d1_normal.jpeg', '2011-12-02 18:20:11', 'Cilegon, Bandung', NULL, 'en', 295, 0, 'Bangkok', 'Mechanical Enjoyneering', 10091, 224),
(427287109, 'Sebastian Jüttner', '1Basti', 'http://pbs.twimg.com/profile_images/1671287416/Kopie_von_CIMG0849_normal.JPG', '2011-12-03 11:26:19', '', NULL, 'de', 126, 0, 'Berlin', 'music:@JulietSimmsALL, amy winehouse, @JamesArthur23, @JessieJ, soca/reggae/hip-hop and good music in general; sports: @chicagobulls, @FCBayern, @49ers', 1861, 240),
(427728145, 'Michael Allen', 'mallen22842', 'http://pbs.twimg.com/profile_images/378800000681012199/c1cecadedb0b2b1a88fc2576a87b1bcb_normal.jpeg', '2011-12-03 23:12:03', 'Mount Jackson, VA', 'http://t.co/mgmqIUwFrW', 'en', 30, 0, 'Eastern Time (US & Canada)', 'Father, Husband, SharePoint Architect, .NET Programmer, Gamer, Brewer, Drummer, Whovian, and DM. The list goes on...', 283, 131),
(429353601, 'hmagdy122', 'hmagdy122', 'http://abs.twimg.com/sticky/default_profile_images/default_profile_5_normal.png', '2011-12-05 22:35:08', '', NULL, 'en', 9, 0, 'Athens', '', 1416, 179),
(433789331, 'Giorgio Mustacchi', 'GMustacchi', 'http://pbs.twimg.com/profile_images/1686045830/image_normal.jpg', '2011-12-11 02:11:14', 'Trieste', NULL, 'it', 57, 0, 'Amsterdam', 'Medico Oncologo, Docente Universitario', 914, 61),
(437627160, 'Jameel Jaffer', 'JameelJaffer', 'http://pbs.twimg.com/profile_images/1723968658/JJ_at_Sundance_013011_normal.jpg', '2011-12-15 18:00:04', '', NULL, 'en', 6371, 0, NULL, 'Deputy Legal Director, ACLU.  Views expressed here are my own. PGP: E834 3F80 A161 C07F E022 CD63 C975 2B58 C239 A84E', 2368, 427),
(437670280, 'RRN', 'ReadRealNews', 'http://pbs.twimg.com/profile_images/378800000592286153/34597a8be335414f1d1e81fd4cd90e55_normal.jpeg', '2011-12-15 19:03:35', '', NULL, 'en', 2896, 0, NULL, 'Be informed. #Revolution #Occupy #FreeManning #NSA #TPP #Snowden #Syria #Fukushima #ShutLoganRiver #OpSafeWinter #OpKillingBay #ShutTaijiDown #WWW', 700, 2765),
(438195571, 'Vande Ma Bharati', 'VandeMaBharati', 'http://pbs.twimg.com/profile_images/378800000622741279/3b33355e8ea269810e78dfbfaaa996dc_normal.png', '2011-12-16 10:05:36', 'Bharat', 'https://t.co/WiUg9xGAvJ', 'hi', 441, 0, 'Chennai', 'Techie with tweets on Spirituality, Consciousness and NaMo!', 6547, 1127),
(446363484, 'Logahn Sonner', 'logahnsonner', 'http://pbs.twimg.com/profile_images/378800000638828643/fb260d8a28eaffa0d41811c491cfb1ff_normal.jpeg', '2011-12-25 17:42:43', '', NULL, 'en', 122, 0, NULL, 'basketball', 605, 114),
(453176496, 'Enoch Jeremiah', 'Exalted88', 'http://pbs.twimg.com/profile_images/3208200968/a6670761ec5136f3d5ef9b45e1dcf0c5_normal.jpeg', '2012-01-02 18:20:11', 'Abuja', NULL, 'en', 496, 0, 'Amsterdam', 'El Juego', 70540, 529),
(455056617, 'ScotRail Sucks!', 'scotrailsucks', 'http://pbs.twimg.com/profile_images/1772982350/scotrail-large_normal.jpg', '2012-01-04 18:51:11', '( I am a robot! )', NULL, 'en', 2126, 0, 'Lisbon', 'Bringing people together... in hatred of ScotRail.', 61953, 352),
(463607102, 'Kiel ', 'TheWhiteMamba32', 'http://pbs.twimg.com/profile_images/378800000736452430/f2840ee71a0656b9f9b3e4fcc7150371_normal.jpeg', '2012-01-14 09:30:56', '', NULL, 'en', 389, 0, NULL, '', 5284, 229),
(464677989, 'Nita sitorus', 'nita_sitorus', 'http://pbs.twimg.com/profile_images/378800000806668344/1f42909657df32019138a01164e1b760_normal.jpeg', '2012-01-15 15:17:17', 'Indonesia', NULL, 'id', 174, 0, 'Pacific Time (US & Canada)', 'it''s Me, Nita . \r\n^_^', 553, 380),
(466235211, 'Hanna', 'Hanna_Merkel', 'http://pbs.twimg.com/profile_images/378800000743555226/e49a1a87930ba7d701ccc24be263954b_normal.jpeg', '2012-01-17 06:56:46', 'Single Best Town, WISCO', NULL, 'en', 130, 0, 'Mountain Time (US & Canada)', 'Hayden is my everything. I like pizza. The @packers are my team. I tweet randomness.', 7465, 104),
(469702816, 'C.L.', 'poorexample', 'http://pbs.twimg.com/profile_images/2999603513/bb1d52359a1238483af562d919fa0019_normal.jpeg', '2012-01-20 23:02:12', 'us', NULL, 'en', 54, 0, 'Eastern Time (US & Canada)', '', 1564, 189),
(470662385, 'Immo C. Reichardt', 'icrfornax', 'http://pbs.twimg.com/profile_images/378800000107306770/20f6e8f90783fa1d766de865e255a7ab_normal.jpeg', '2012-01-22 01:56:43', 'Baden-Baden', 'http://t.co/5qOWWpDL', 'de', 143, 0, 'Berlin', 'KommunalPirat aus Überzeugung.\r\nDeutschland apt-get update', 5287, 257),
(475296455, 'Albert Blanco', 'albertblancoj', 'http://pbs.twimg.com/profile_images/1855955003/349_1054347561633_1314147440_147870_5700_n_normal.jpg', '2012-01-26 23:17:02', ' Reus  (Tarragona).', NULL, 'es', 38, 0, 'Athens', '- Tècnico Superior en Realización de Audiovisuales i Espectáculos.- Me gusta mucho el mundo del cine, la televisión, el teatro y la música.', 503, 366),
(485628566, 'Mentaphone', 'myvotefactor', 'http://pbs.twimg.com/profile_images/2845942496/dab487c6dd6bc3041dbeb4657a7264b7_normal.png', '2012-02-07 13:09:43', 'Houston TX', 'http://t.co/fU0OnRsSab', 'en', 516, 0, NULL, 'Mentaphone : Talk to strangers!', 252316, 8),
(486136479, 'December 22', 'TheDSikander', 'http://pbs.twimg.com/profile_images/378800000811680651/dbbd8d06489ce0d233b54a564a12c501_normal.jpeg', '2012-02-08 00:39:33', 'Mississauga, Ontario', NULL, 'en', 153, 0, 'Atlantic Time (Canada)', 'I''ve got xo in my blood work', 4330, 153),
(487846005, 'xavier _DUI_ll*ll', 'xaviercatal', 'http://pbs.twimg.com/profile_images/378800000452532885/7974adeaf8d6fc698998923607d220eb_normal.jpeg', '2012-02-09 21:15:05', '', NULL, 'ca', 260, 0, 'Amsterdam', '', 5191, 558),
(491473301, 'Martin Craine', 'garta2', 'http://pbs.twimg.com/profile_images/3709442355/b49b5319dc7341bbcfe08e8f1847ccf1_normal.jpeg', '2012-02-13 18:36:25', 'Donde este mi movil', NULL, 'es', 53, 0, NULL, '', 3944, 253),
(494813245, 'Stefano,per Nietzche', 'Macchessegrullo', 'http://pbs.twimg.com/profile_images/3042002089/97b281fef87922eab5eb1b3c8703cd59_normal.jpeg', '2012-02-17 09:53:43', 'Fuori Londra, Sesto Fiorentino', NULL, 'it', 3267, 0, 'Rome', 'Se non ridi rodi parecchio a metà (Socrate)\r L''ironia non è la scienza che studia ferri da stiro (O.Wilde)\r\n\rOrietta Berti è pazza (F.Nietzsche)', 20926, 405),
(495464885, 'grasswire', 'grasswire', 'http://pbs.twimg.com/profile_images/378800000333003119/062c0cd50142f129bb91c7d35d87fb1a_normal.png', '2012-02-18 01:30:45', '', 'http://t.co/OgPUiBqEPx', 'en', 17885, 0, 'Arizona', 'The Internet''s Newsroom - breaking news sorted and fact-checked in real time by everyday people. Open to the public soon - join us!', 1454, 17566),
(503168247, 'Björn|Idrinth Thalui', 'Idrinth', 'http://pbs.twimg.com/profile_images/378800000418669026/3609dde7c7ef3b0798015f24a5a93abf_normal.png', '2012-02-25 16:38:43', 'Karak Norn', 'http://t.co/vUy0jAEKS2', 'de', 55, 0, 'Berlin', '#WarhammerOnline #Schwertmeister auf Karak Norn,Blogger,Betreuer von @WAAAGHde | Webseiten: http://t.co/XVe3IXJhIZ http://t.co/pABlazsNdJ http://t.co/vUy0jAEKS2', 4077, 134),
(506634918, 'jenni kish', 'JenniKish', 'http://pbs.twimg.com/profile_images/378800000762106095/e2a5491b3a4de5f478b3edf5c8c836c4_normal.jpeg', '2012-02-28 01:41:02', '', NULL, 'en', 281, 0, NULL, '', 15104, 184),
(513917798, '...??', 'heecu99', 'http://pbs.twimg.com/profile_images/378800000829307754/87ccd2258522cf464d95f5d63a46f28f_normal.jpeg', '2012-03-04 04:57:04', 'ksa ', NULL, 'ar', 598, 0, 'Riyadh', 'always smiled ~?', 30066, 302),
(516613525, 'frank', 'frankpirlone', 'http://pbs.twimg.com/profile_images/1877146865/conf_normal.jpg', '2012-03-06 16:32:40', '', NULL, 'it', 75, 0, 'Amsterdam', 'apprendista cialtrone', 533, 171),
(517022527, 'Callum TAMOVA Thomas', 'fuckcallvm', 'http://pbs.twimg.com/profile_images/378800000811731712/6cd3e25647ab1b027f9ebe5ea5e1c7c7_normal.jpeg', '2012-03-07 01:00:55', '', NULL, 'en', 506, 0, 'London', 'Grizzly', 22445, 303),
(522045940, 'AstiAuliaParadita?', 'AstiAuliaPrdt', 'http://pbs.twimg.com/profile_images/378800000828271198/5a814a9ed252625ee11ebb5288ea7080_normal.jpeg', '2012-03-12 08:36:50', 'Cikampek, Karawang?', 'http://t.co/E71OUaYwhR', 'id', 894, 0, 'Jakarta', '28November1998? Seorang gadis yang memiliki bentuk badan kecil, hidung pesek, mata sipit, rambut sebawah pinggang & bentuk muka yang lonjong tidak bulat??', 13762, 769),
(528663010, 'Oscar Cruz', '93_ito', 'http://pbs.twimg.com/profile_images/378800000685366670/b79ea01c3aef291637bb832dcad75667_normal.jpeg', '2012-03-18 17:51:52', 'USA', NULL, 'en', 85, 0, 'Atlantic Time (Canada)', 'Life is not about the destination but its about the journey.', 1574, 204),
(538586248, 'Jarrod Merkel', 'jarrod_merkel', 'http://pbs.twimg.com/profile_images/378800000733010504/708adaf35af8533b92538e039a3ec990_normal.jpeg', '2012-03-28 02:17:25', '', NULL, 'en', 75, 0, NULL, '', 227, 152),
(539476196, 'bennnn', 'Cpt_Ameowrica', 'http://pbs.twimg.com/profile_images/378800000745627750/5460d3d30119a708ebe5517bfc5c5a49_normal.jpeg', '2012-03-29 01:25:08', '', NULL, 'en', 306, 0, 'Eastern Time (US & Canada)', 'Senior. Mont Belvieu, TX', 19788, 173),
(541806503, 'Hefty Geezer', 'Murat_69', 'http://pbs.twimg.com/profile_images/378800000653993574/84b91d897d4159640677ce902a79bc23_normal.jpeg', '2012-03-31 18:56:40', 'Crawley ', NULL, 'en', 304, 0, 'London', 'Still sitting here Waiting for a mate', 6160, 248),
(545729485, 'Nick.', 'nicktheluchuk', 'http://pbs.twimg.com/profile_images/378800000777534508/78e938211c2d88be6342b4b018b77f4b_normal.jpeg', '2012-04-05 08:00:56', '', 'https://t.co/2n4N13NjGK', 'en', 59, 0, 'Pacific Time (US & Canada)', 'Live free or die. #Libertarian.', 1333, 157),
(546798456, '? tylea ???? ???? ?', 'jiyuls_', 'http://pbs.twimg.com/profile_images/378800000831418850/0cbe39844da8861a9a07afa1110e8e3b_normal.jpeg', '2012-04-06 12:56:55', 'NEVERLAND', 'http://t.co/iAOE7xZujZ', 'en', 25, 0, 'Tokyo', '????(@ukissSH)???????????????', 233, 140),
(549277281, 'Tom Goerne', 'TGoerne', 'http://pbs.twimg.com/profile_images/378800000031115731/2c258108365a97e14c71d9700145236d_normal.jpeg', '2012-04-09 14:36:38', 'Berlin', NULL, 'de', 49, 0, 'Paris', 'Architektur & Design - Spanien & Germany  Politische - Welt-Neuordnung und Um-Strukturierung der EU.(Nahum Goldmann )', 825, 156),
(550010708, 'Thomas Drake', 'Thomas_Drake1', 'http://pbs.twimg.com/profile_images/2131430175/image_normal.jpg', '2012-04-10 13:00:31', '', NULL, 'en', 17272, 0, 'Indiana (East)', 'NSA whistleblower. Prosecuted under Espionage Act for telling truth to power. Now dedicated to the defense of Life, Liberty, and the pursuit of Happiness!', 26153, 151),
(555004704, 'Reza zeka Fariza', 'reza_zee', 'http://pbs.twimg.com/profile_images/378800000815819048/19ac23eaa0e5036a00b7c2065dbe24de_normal.jpeg', '2012-04-16 08:54:21', 'belakang layar', NULL, 'en', 703, 0, 'Jakarta', 'Milanisti | Member of @CollywoodFC #11 | Skype : Balzil11', 10119, 81),
(558581091, 'Izzi Indonesia', 'IzziLoveID', 'http://pbs.twimg.com/profile_images/378800000627652330/177fcd8a2fe6a4cf4ea54324b8ba26d7_normal.jpeg', '2012-04-20 12:07:50', '', 'http://t.co/GeDzAoYNNw', 'en', 8759, 0, 'Bangkok', 'Official Twitter of IZZI Body Mist', 4940, 59),
(559258373, '???????????', 'Korea_kankoku', 'http://pbs.twimg.com/profile_images/2152520455/150px-Flag_of_South_Korea.svg_normal.png', '2012-04-21 08:27:10', '', NULL, 'ja', 1112, 0, 'Tokyo', 'Amazon????????????????????#???#??', 447965, 1218),
(560459733, 'Josh Norton', 'joshMUFCnorton', 'http://pbs.twimg.com/profile_images/378800000805948695/d0b4fa0a3baf81086b7d3172524c00d9_normal.jpeg', '2012-04-22 17:42:59', 'Manchester', NULL, 'en', 1769, 0, NULL, 'RED', 24685, 387),
(564201180, 'Mohammed Taha Syed', 'MSyedt', 'http://pbs.twimg.com/profile_images/378800000818217889/894ccd766bc5fc846437d80a675a2933_normal.jpeg', '2012-04-27 01:17:32', 'Cal High ''14  ', 'http://t.co/e5YrTkBLdt', 'en', 267, 0, 'Pacific Time (US & Canada)', 'My two cents are free of charge on Tuesdays. Musings of a Pakistani American. Self-proclaimed Journalist. Fighting in the stars. I ramble poetically sometimes.', 3668, 302),
(565780036, 'Historian Quote/Pics', 'HistorianQuotes', 'http://pbs.twimg.com/profile_images/378800000120018492/f062d6b26f9f0a3db587f0b458a8f8d7_normal.jpeg', '2012-04-29 00:06:00', 'selling @badadvicedick', NULL, 'en', 110020, 0, 'Eastern Time (US & Canada)', 'Historic quotes from past years. Original Historian Quote account. For business or to submit your quotes Kik: yourtwitterguy', 109, 102),
(569814186, 'Suara Rakyat', 'burunghantu1913', 'http://pbs.twimg.com/profile_images/378800000660835146/e05e5afd216d81d5a40d1adb3942ff52_normal.jpeg', '2012-05-03 08:16:56', 'Nowhere  but every where ', NULL, 'id', 46695, 0, 'Bangkok', 'Akun komunitas intelejen publik untuk perangi korupsi dan kemunafikan pemimpin negeri. Demi Pencerahan anak bangsa yang merdeka', 92077, 911),
(571485552, '?????????(?''?''?)', 'Milkytata', 'http://pbs.twimg.com/profile_images/378800000795492483/bf96523293170a54fc2aaf25a43186fd_normal.jpeg', '2012-05-05 05:34:37', 'oppa''s dreamland', 'http://t.co/ckytJONJI7', 'en', 1408, 0, 'Bangkok', 'Bang yongguk, my life ruiner.\r\n????????????(*?-?*)\r\n???????????w\r\n????????????w\r\n???????????google\r\n?????????mua\r\n???????????', 99581, 890),
(579972290, 'DeaExMachina', 'Bunt_und_billig', 'http://pbs.twimg.com/profile_images/378800000706916669/daa4b48b9bba2371a5a1a26a50431c05_normal.jpeg', '2012-05-14 17:30:01', 'An der Küste Böhmens', NULL, 'de', 60, 0, 'Athens', 'I''m just here for the Häppchen.', 2591, 103),
(585606597, 'ho', 'callumhoeyy', 'http://pbs.twimg.com/profile_images/378800000657231796/419a06cdebf23ea83f8d029f21ec9726_normal.jpeg', '2012-05-20 11:39:23', '', NULL, 'en', 643, 0, NULL, '', 27959, 548),
(591536279, 'Pere Castellanos ', 'PereCastellanos', 'http://abs.twimg.com/sticky/default_profile_images/default_profile_5_normal.png', '2012-05-27 07:26:18', '', NULL, 'es', 122, 0, NULL, '', 6548, 233),
(597069206, 'Mc ???????', 'Maxzeyho', 'http://pbs.twimg.com/profile_images/378800000529865793/1883ef79650a8aba2be24a07f7e1a9d9_normal.jpeg', '2012-06-02 06:12:04', '', NULL, 'th', 81, 0, 'Hawaii', '', 6424, 139),
(600337886, 'Polytrauma', 'twitairline', 'http://pbs.twimg.com/profile_images/378800000649095784/7edc670949431f9c64f72323975fdf56_normal.jpeg', '2012-06-05 21:07:32', 'In dem OP wo du gerade liegst!', NULL, 'de', 3106, 0, 'Berlin', 'Das Folgen ist Rezeptpflichtig! Alle anderen sollen zur Hölle fahren...', 3626, 989),
(601481698, 'MaryJoy “??”Gawan°', 'ga1maj', 'http://pbs.twimg.com/profile_images/378800000808639909/9e6e6a13a03db0b5119af22dac83e4db_normal.jpeg', '2012-06-07 04:22:52', 'Philippines', 'https://t.co/isVKLovUyd', 'en', 77, 0, 'Arizona', 'I LOVE Being ? ? ??. | Be Number ONE. Make it TRUE ^^ | certified&proud EXOstan :) --??/ ? ? ? -D.O/ Do Kyungsoo is my bias! ? |', 704, 37),
(604790946, 'Gops Biring', 'GopsBiring212', 'http://pbs.twimg.com/profile_images/378800000330794089/a9f360dca0661eabfdc0db1637556e2c_normal.jpeg', '2012-06-10 20:00:48', '', NULL, 'en', 66, 0, 'Amsterdam', 'I intend to live forever. So far, so good..', 211, 80),
(606681779, 'Richard', 'Sonnenschein500', 'http://pbs.twimg.com/profile_images/3037115574/aedb8ca4bff46c79cda65d917fd3da6c_normal.jpeg', '2012-06-13 00:14:05', 'BW', 'http://t.co/8JOyHvRX', 'de', 155, 0, 'Berlin', 'Irgendwas mit Steuerrecht, Wirtschaft und Dinge wie  IT, Webdesign und Piraten', 6356, 334),
(619647819, 'frik', 'raviolivia', 'http://pbs.twimg.com/profile_images/378800000714333324/23b6186deda4ff373851b795bed2337e_normal.jpeg', '2012-06-27 03:24:11', '', 'http://t.co/5xruoxnz1c', 'en', 359, 0, 'Pacific Time (US & Canada)', '? dq sp es rb km je vc ml ?', 7485, 88),
(619759430, 'gumaro', 'etphonecasa', 'http://pbs.twimg.com/profile_images/378800000830502553/06964530195d625819aa0e7b49383934_normal.png', '2012-06-27 09:13:10', 'the known universe. ', 'http://t.co/sZi4lniY5L', 'en', 181, 0, 'Eastern Time (US & Canada)', 'T R U T H S E E K E R. books. music. vinyl and art.', 970, 161),
(620363539, 'nicole', '_ANXC', 'http://pbs.twimg.com/profile_images/378800000744884890/17d29b78300451f7d7db076e3515dba2_normal.jpeg', '2012-06-27 23:27:56', '', 'http://t.co/3LV6llcoTq', 'en', 98, 0, 'Atlantic Time (Canada)', 'suck it up princess | ND', 6960, 49),
(625854676, 'MarioMaestro', 'maR1OMaEstrO', 'http://pbs.twimg.com/profile_images/378800000773329134/105c0cc840c440fbb75080d9a286d05f_normal.jpeg', '2012-07-03 22:12:19', 'Zelle 1', NULL, 'de', 124, 0, 'Berlin', 'Folgt mir, ich kenne den Weg', 2064, 139),
(628034030, 'K??? P???z', 'ChinaS_korea', 'http://pbs.twimg.com/profile_images/2896814702/2fc9a1154ceaf6b7432b6669eafa772a_normal.jpeg', '2012-07-06 06:27:48', 'El Salvador', NULL, 'es', 23, 0, 'Central Time (US & Canada)', '', 594, 91),
(634114130, 'U?cl? Sa?', 'Sam_i_am_42', 'http://pbs.twimg.com/profile_images/378800000624083717/662cd4b1192493bbc3f685353545eaa5_normal.jpeg', '2012-07-13 00:59:51', '', 'http://t.co/R9JxeGcVSM', 'en', 91, 0, NULL, 'Clowns to the left of me, Jokers to the right, here I am stuck in the middle with you.\nThe internet is serious business.', 3671, 107),
(634116947, 'TheAnonymousAdamizer', 'Adamizer1', 'http://pbs.twimg.com/profile_images/3739221549/ffb3cdd4ee8c435999e60dd8edf86a32_normal.jpeg', '2012-07-13 01:04:41', 'WE ARE LEGION!', 'http://t.co/YYmvOJVk0H', 'en', 839, 0, 'Atlantic Time (Canada)', 'Former wage-slave for big business, small business, and government business. Taught finance, including at Harvard. Now becoming a true communist revolutionary.', 15173, 189),
(635346861, 'kl', 'flyingovertrout', 'http://pbs.twimg.com/profile_images/2396522902/thepianolesson_normal.jpg', '2012-07-14 11:56:55', 'NE DC ', NULL, 'en', 48, 0, 'Eastern Time (US & Canada)', 'I don''t mind, most of the time.', 869, 296),
(704632218, '?ctor Kyungsoo', 'ainadududyo', 'http://pbs.twimg.com/profile_images/378800000831815736/7000da8581033e422f850f0f99c932f7_normal.jpeg', '2012-07-19 10:16:40', 'MaLAYsia', 'http://t.co/zgUwCCaFbG', 'en', 2032, 0, 'Kuala Lumpur', '-I stan 12 wolves 15 superman 6 beast 6 matoki @GaemGyu @ActorLeeMinho- Btw I tweet in ENGRISH(not ENGLISH) and Malay only', 17289, 1923),
(714434984, '__|\\/|ik€nific€nt__', 'MerkeL_Nevz', 'http://pbs.twimg.com/profile_images/378800000593055436/b33c313a0168861e7223b0a0c051c9f6_normal.jpeg', '2012-07-24 17:09:05', 'Wrightstown, NJ', 'http://t.co/VDjw2NAImy', 'en', 272, 0, 'Atlantic Time (Canada)', 'BRHS | IG : @__mikenkficent__ | Music Is Life | #TEAMFOLLOWBACK | #SINGLELIFE | #PURPLEDORITOSNATION | #EAGLESDIEHARD | I FOLLOW BACK ! 100%', 1891, 258),
(722896122, 'Synne', 'synneaa', 'http://pbs.twimg.com/profile_images/378800000655575367/1658aeaa2a2203d74ef62dbe2b1a3dd9_normal.jpeg', '2012-07-29 00:02:51', '20, Norway', NULL, 'no', 33, 0, 'Stockholm', 'meh, might as well', 247, 207),
(736278931, '??', 'imim01010', 'http://pbs.twimg.com/profile_images/378800000413531947/7281b7ab4fdebcfd27cc93359e97cd06_normal.jpeg', '2012-08-04 09:16:21', '', NULL, 'ko', 147, 0, 'Hawaii', '? ?????!_!', 25042, 148),
(742539847, 'Anthony', 'VanUhTee', 'http://pbs.twimg.com/profile_images/378800000785984939/c2841180775fc7114f8475b1720d5e50_normal.png', '2012-08-07 11:22:19', 'Seatown', NULL, 'en', 302, 0, 'Pacific Time (US & Canada)', 'Notorious Sub Tweeter  | 15 |  Seatown | GT : VanUhTee | My Idols are @CrsParasite and @veX_legend  | I specialize in the ridiculous', 22135, 293),
(748222111, 'KEY', 'r17ky', 'http://pbs.twimg.com/profile_images/378800000778195017/c8e8544e87bcc70867f26f302744d5f8_normal.jpeg', '2012-08-10 02:14:52', 'International', 'http://t.co/ThYbQsCwV3', 'en', 2747, 0, 'Jakarta', 'Iam a SONE @SMTOWNGLOBAL specially for YoonAddict (Im YoonA) @GirlsGeneration Fan. I like to share information recently | ?? ??', 24306, 2675),
(751650829, 'Frank', 'AlwaysTwatchinU', 'http://pbs.twimg.com/profile_images/378800000526635447/b9bbe83066e87d5cd8a694ee6794101d_normal.jpeg', '2012-08-11 19:51:42', 'da club', NULL, 'en', 179, 0, 'Atlantic Time (Canada)', 'Self Proclaimed King of Ratchet Bitches', 2703, 288),
(753870150, 'Kendal.?', 'WaddupItsKendal', 'http://pbs.twimg.com/profile_images/378800000831282018/7fe418820d6d7a4d5fad1e51ab627251_normal.jpeg', '2012-08-13 00:07:53', '', NULL, 'en', 662, 0, NULL, 'Shoot for the stars, if it feels right then aim for my heart.?', 5032, 606),
(762867907, '?????', 'cj3792', 'http://pbs.twimg.com/profile_images/378800000773934368/15a5d1dbbfe0e4dcf5bd99b252f5acc4_normal.jpeg', '2012-08-17 05:05:04', '', NULL, 'ko', 5, 0, NULL, '???????', 3, 30),
(763011698, 'Spongebob Quotes', 'SBQuotes_', 'http://pbs.twimg.com/profile_images/378800000407959251/5bfce505679b4cb359dc9f9c438e25c3_normal.jpeg', '2012-08-17 06:48:44', 'Bikini Bottom', NULL, 'en', 20033, 0, NULL, 'Livin like Larry. Run by @lexi_merkel', 631, 176),
(770615742, 'Voland', 'F_Filipovich', 'http://pbs.twimg.com/profile_images/378800000138464101/c053ad78422922d052e12eec01d6fad5_normal.jpeg', '2012-08-21 03:55:58', 'Autónomo', NULL, 'es', 80, 0, 'Atlantic Time (Canada)', 'Especialista en cosas', 3723, 79),
(828501943, 'killchancoro4', 'killchancoro4', 'http://pbs.twimg.com/profile_images/2934526171/d2a7e814e96c56a7c33c840e4f81e252_normal.jpeg', '2012-09-17 08:43:10', '', NULL, 'ja', 1653, 0, NULL, '????????100%', 83920, 1967),
(831894528, 'Sully Chowdhury', 'sully_10', 'http://pbs.twimg.com/profile_images/2624376342/267279_186410441412133_1461143_n_normal.jpg', '2012-09-18 23:16:53', '', NULL, 'en', 756, 0, 'London', 'What We Do In Life Echoes In Eternity  #Gooner #AFC #GTID #COYG #LHF1 #HeatNation #TeamHeat #TeamLeBron', 6054, 705),
(848514625, 'Maddy Merkel', 'maddy_merkel', 'http://pbs.twimg.com/profile_images/378800000800621995/f7e6a0fa9275486aff0c03fdcf5d9020_normal.jpeg', '2012-09-27 04:19:58', '', NULL, 'en', 306, 0, NULL, 'freshman @ glhs', 5953, 270),
(855417048, 'Laksmí ||?|| #DUI', 'Laksmiz', 'http://pbs.twimg.com/profile_images/378800000603138272/aee89ed1da13ed68ef5e8809a7be5ad7_normal.jpeg', '2012-10-01 00:06:53', ' ||?|| Article 1 ||?|| ', 'http://t.co/K9Anqkoefc', 'es', 2138, 0, 'Madrid', 'Catalonia ||?|| Pacte Internacional Nacions Unides ||?||', 88636, 2322),
(871165706, 'INET HONDURAS', 'INETHONDURAS', 'http://pbs.twimg.com/profile_images/2700860022/1382f28d031bb68a2d3c9c5ec08b6a73_normal.png', '2012-10-10 07:18:55', 'Honduras', 'http://t.co/2flavKEUld', 'es', 71, 0, 'Central America', 'INETHonduras, Retocando nuevas fronteras. Diseño Web y Grafico.', 22124, 193),
(874005866, 'Josep Mª ||*||', 'JosepMBern', 'http://pbs.twimg.com/profile_images/3391274323/ba6e3dcbf84db6c6cb426058725faf93_normal.jpeg', '2012-10-11 19:24:11', '', NULL, 'ca', 44, 0, NULL, '', 5645, 58),
(883843808, 'Get Fit', 'GetFiitFast', 'http://pbs.twimg.com/profile_images/378800000781266037/20dba1834a3a525d5ff2eeba99085b2e_normal.jpeg', '2012-10-16 08:26:11', 'Worldwide', NULL, 'en', 3820, 0, 'Eastern Time (US & Canada)', '', 5, 1),
(891399733, 'miracle in Dec', 'sj_illikeThis', 'http://pbs.twimg.com/profile_images/378800000826360342/40a8496945e40048efc5e0c6943e5c6a_normal.jpeg', '2012-10-19 19:04:54', '', NULL, 'en', 2227, 0, 'Baghdad', '18? ?\r\n\r\n\r\n\r\n\r\n\r\n\r\n http://t.co/DtYZiSwpGM', 27814, 106),
(898057556, '????????', 'IcyFevrier', 'http://pbs.twimg.com/profile_images/378800000412364182/83edfde0635f55b16901c4df2b95f9df_normal.jpeg', '2012-10-22 19:45:10', 'West Yorkshire', 'http://t.co/Qnmdi4YnH4', 'en', 333, 0, NULL, 'Dragon/Swedish/Gaming enthusiast/Aspiring game developer/Blueberry specialist and the snoozier half of @KGLlewellyn!', 12922, 484),
(903004933, 'Kierstin', 'staypretty929', 'http://pbs.twimg.com/profile_images/378800000821148261/aeaee4829f4e164c30892744fc57c0ac_normal.jpeg', '2012-10-25 03:47:29', 'Muhlenberg, PA. ', NULL, 'en', 76, 0, 'Eastern Time (US & Canada)', 'All you need to know is that i love my cat more than most people. ??', 11736, 223),
(915374472, 'Beyond Hallyu', 'BeyondHallyu', 'http://pbs.twimg.com/profile_images/2836170315/c05fec689be9dc6a1efbb38f01478145_normal.jpeg', '2012-10-30 20:57:34', '', 'http://t.co/zf56pWJg', 'en', 3262, 0, 'Casablanca', 'Korean culture website based in the UK looking under the surface of the Korean wave. K-pop, K-hiphop, drama, film and more https://t.co/p4j9DkZjq7', 1040, 361),
(917894803, 'Taitum Stacey', 'Its_Taitum_', 'http://pbs.twimg.com/profile_images/378800000822902416/b2666f207d50088817d134c573699ca1_normal.jpeg', '2012-11-01 00:47:07', '', NULL, 'en', 356, 0, 'Eastern Time (US & Canada)', 'never counting regrets', 4126, 286),
(926547530, 'Taylor Pedra', 'TaylorPedra', 'http://pbs.twimg.com/profile_images/378800000830915222/e6c74891585a9b96428a8b60e6f9a9d6_normal.jpeg', '2012-11-05 02:05:18', '', NULL, 'en', 430, 0, NULL, '', 7826, 316),
(938002339, 'sergio  gomes ', 'sergiogomes49', 'http://pbs.twimg.com/profile_images/3763998632/12ac3c3aef05e728460c28ce40e1d840_normal.jpeg', '2012-11-10 00:34:27', '', NULL, 'es', 50, 0, 'Amsterdam', 'colecciono buenos momentos que me da la vida\r\noporto-albacete-parís', 556, 80),
(1020709506, 'olivia krieger', 'OliviaKrieger', 'http://pbs.twimg.com/profile_images/378800000822772364/f3c91fb1c8f4ecef530b4c2937b6f46f_normal.jpeg', '2012-12-18 22:43:27', '', NULL, 'en', 339, 0, NULL, 'God has better plans ? #VarsityCheerleader #JohnMayer', 7850, 194),
(1020968347, 'B Merks', 'baylee_merkel', 'http://pbs.twimg.com/profile_images/378800000819402794/fc8ff254ede58df6eaf905ea06e163b7_normal.jpeg', '2012-12-19 01:20:07', '', NULL, 'en', 335, 0, NULL, 'Stars can''t shine without darkness.', 6899, 282),
(1023431881, 'Adam Hartzell', 'FilmEssaying', 'http://pbs.twimg.com/profile_images/378800000066489950/56c42d51410dfa76398254ba78922138_normal.jpeg', '2012-12-20 04:30:02', 'San Francisco', 'http://t.co/qRBbaWH4', 'en', 390, 0, 'Pacific Time (US & Canada)', 'Writer tweeting about films, books, podcasts, and the people who love them.', 10470, 568),
(1026314035, 'spin_cycle', 'spin_cycle1', 'http://pbs.twimg.com/profile_images/3041729481/df8d86a1f43359c9fe008c646745a0f3_normal.jpeg', '2012-12-21 13:34:48', 'here there & everywhere', NULL, 'en', 215, 0, NULL, 'an innocent abroad\n\n(retweets = ''interesting'' only)', 8560, 2001),
(1028177244, 'peter malinn', 'malipeter', 'http://abs.twimg.com/sticky/default_profile_images/default_profile_3_normal.png', '2012-12-22 10:59:43', '', NULL, 'de', 2, 0, NULL, '', 82, 19),
(1055556031, 'Isis?', 'em2019', 'http://pbs.twimg.com/profile_images/378800000708081677/219e680e84cf82e0d3497d02ee848e5a_normal.jpeg', '2013-01-02 17:44:19', 'Miami', 'http://t.co/g7EoXAZGv9', 'en', 379, 0, NULL, 'Seventh-Day Adventist, funny and thats all u needa know', 1869, 716),
(1073885570, '?????', 'Gilbert_kotori', 'http://pbs.twimg.com/profile_images/3123524753/79679ec33327b732f7c6c10f479f0a64_normal.jpeg', '2013-01-09 15:09:49', '', 'http://t.co/HYmkxsAe', 'ja', 14, 0, NULL, '????????????????????????????? ????????URL?????????????????', 1355, 16),
(1090081867, 'The Wurst Wagen', 'BestWurstWagen', 'http://pbs.twimg.com/profile_images/3109361253/8bde50098d506fb29d8d5845b866e94d_normal.png', '2013-01-14 21:29:01', 'South Carolina', 'http://t.co/wyOOiwVEfM', 'en', 674, 0, NULL, 'We are a German Sausage Cart in Columbia, SC. We offer the most authentic German sausages around. We keep it simple & good. It''s all about the wurst.', 1725, 454),
(1094775308, 'Der müde Joe', 'muederjoe', 'http://pbs.twimg.com/profile_images/378800000800782766/92622dacf57030b52aa2a3a93aea755d_normal.jpeg', '2013-01-16 11:18:29', '', NULL, 'de', 12, 0, 'Amsterdam', 'Auch wenn man den Schlagstock anstelle eines Gesprächs einsetzten kann, werden Worte immer ihre Macht behalten.', 626, 81),
(1096745797, 'Saraa', 'sarakinsss', 'http://pbs.twimg.com/profile_images/378800000653006091/34a13a9a87325b2ad7256e0417d9bfff_normal.jpeg', '2013-01-17 01:26:20', '', 'http://t.co/6IcxRkJeHB', 'en', 65, 0, NULL, 'There''s nothing wrong with failure. If you never failed, you''ve never pushed yourself past your limits', 1530, 56),
(1115088871, 'FrappitoDeLaPatronne', 'NiggersCrewAFC', 'http://pbs.twimg.com/profile_images/378800000784024523/d8b0858443c38fa1a25de9b2b29def41_normal.jpeg', '2013-01-23 20:10:54', '', NULL, 'fr', 186, 0, 'Athens', 'La vie est un combat et il faut s''y entraîner dès l''enfance.', 4958, 211),
(1115493295, 'Imma Corregidor', 'icorregidors', 'http://pbs.twimg.com/profile_images/378800000625526872/c19bd6a80e653f8d566eb82d0852d2ca_normal.jpeg', '2013-01-24 00:03:46', '', NULL, 'es', 206, 0, NULL, '', 9665, 256),
(1122298351, 'CRZO', 'crzo1', 'http://pbs.twimg.com/profile_images/378800000494802955/b772631f63b291064605e7309dcce053_normal.jpeg', '2013-01-26 16:15:15', 'zaanstad', 'http://t.co/qT2Gw3HGfC', 'nl', 184, 0, NULL, 'De Cliëntenraad Zaanstad-Oostzaan (on Hold)', 7962, 566),
(1124693983, 'OgbuJackson ', 'OgbuJacksonG', 'http://pbs.twimg.com/profile_images/3654844474/7ccf7a9bd97479355fbbcac7227076cb_normal.jpeg', '2013-01-27 11:50:46', 'Takoma Park, Maryland.', NULL, 'en', 133, 0, NULL, '', 1615, 2001);
INSERT INTO `users` (`id`, `name`, `screen_name`, `profile_image_url`, `created_at`, `location`, `url`, `lang`, `followers_count`, `verified`, `time_zone`, `description`, `statuses_count`, `friends_count`) VALUES
(1132319354, 'Khaleesi', 'khaleesibitches', 'http://pbs.twimg.com/profile_images/378800000713291102/8b0d559ad259d66283f408e301174a35_normal.jpeg', '2013-01-29 23:45:31', '', NULL, 'de', 2325, 0, NULL, 'Wir kennen uns aus der Anstalt. \nBrüste. Alltag. Seelenmüll. Teilzeitnerd. In ?.\n\nhttp://t.co/67EtLvG5od', 37964, 342),
(1132795518, 'Video Forensics', 'Video_Forensics', 'http://pbs.twimg.com/profile_images/3182184102/b1087343a82ea2019371fbb467a71014_normal.jpeg', '2013-01-30 04:18:05', '', 'http://t.co/Ts27RCP3vO', 'en', 33, 0, 'International Date Line West', '', 4838, 34),
(1139952642, 'Lorenzo Albero', 'theneedtoask', 'http://pbs.twimg.com/profile_images/3291573601/6b059613d136a15558994cc6070eb6cb_normal.jpeg', '2013-02-01 16:17:30', '', NULL, 'en', 12, 0, NULL, 'We CAN do something. We tell people until there is such outrage across the world, that there is action taken by the people that they would control.', 519, 16),
(1174500691, 'AmaliaOktavia', 'amal_oktavia', 'http://pbs.twimg.com/profile_images/378800000758912397/17c4c132a4813eb71279e84a6e9ae115_normal.jpeg', '2013-02-13 10:00:58', '?Yunus(Oym)!', NULL, 'id', 856, 0, 'Bangkok', '@bagasrds ?|| Move On Amal Single ! SMA 1 ! My pin:2AF8B4D0 || My Facebook : AMaliiaa Oktaviiaa || My Plurk : amalOktaviia || My Id line : Amaloktavia =)', 4828, 90),
(1177768656, 'Mademoiselle Shop', 'audyneaudice', 'http://pbs.twimg.com/profile_images/378800000141512162/98a08d6d3073929f6efe6d013bec4212_normal.jpeg', '2013-02-14 06:40:57', 'Jakarta', 'https://t.co/8iYhZGwdBu', 'en', 14, 0, NULL, 'Trusted Seller | we''re top seller on BBM group| price 50k until 89k |Transfeer via Bank BNI', 298, 19),
(1210090286, 'Marta', 'VidaEnCosiAnima', 'http://pbs.twimg.com/profile_images/378800000340922960/edd134ca24014c791715e75f3b8351e1_normal.jpeg', '2013-02-23 00:39:32', 'Barcelona', NULL, 'ca', 147, 0, 'Madrid', 'Collita del 63.', 8197, 322),
(1228970234, 'Amanda Navarro', 'amanda_nav', 'http://pbs.twimg.com/profile_images/378800000823383641/f8208a1673c0db43a6b0c3a71f6b0828_normal.jpeg', '2013-03-01 05:06:08', '', NULL, 'en', 248, 0, 'Pacific Time (US & Canada)', 'Gangsta rap made me do it', 2183, 248),
(1242982548, 'Fendi Se tiyawan', 'FendiSetiyawan2', 'http://pbs.twimg.com/profile_images/378800000795384824/eb31f02e9fd7c3a93af3d3d73fb5ce7f_normal.jpeg', '2013-03-05 07:13:50', 'Jember', NULL, 'en', 134, 0, NULL, 'Bermimpi,Bangun, Berdoa dan Bergerak serta 7D(Duha,Doa,Dagang,Derma,Dzikir,Duwit + Dahsyat)', 561, 157),
(1262275483, 'Indep. Workers Party', 'IWPCHI', 'http://pbs.twimg.com/profile_images/3371277115/2f82589552b7949eefbb1587cceb1fb2_normal.jpeg', '2013-03-12 16:45:38', 'Chicago, IL', 'http://t.co/KW8mqte5wj', 'en', 31, 0, 'Central Time (US & Canada)', 'Building a revolutionary workers party dedicated to abolition of capitalism worldwide, replacing it w/ egalitarian socialist workers gov''t iwpchi@rocketmail.com', 1061, 78),
(1266119606, 'TKI MANDIRI', 'Iyan_Dhoang', 'http://pbs.twimg.com/profile_images/3739221719/946893e14b635113eec642e4bae3117f_normal.jpeg', '2013-03-14 04:53:48', 'Taipei Taiwan', NULL, 'id', 160, 0, 'Beijing', 'jeprat jepret,', 761, 205),
(1297529113, 'Pirate News', 'Pirate_News_', 'http://pbs.twimg.com/profile_images/3426703954/37e277b096d521cc334267c5e9927d4f_normal.png', '2013-03-25 04:39:33', 'Set sail ''n yonder Sea o'' News', 'http://t.co/3gMdpdU8Ss', 'en', 124, 0, 'Arizona', 'Avast! #News translated inta #pirate updated e''ery 12 minites 24/7.  Ye landlubbers air welcome too! ''Har.\r\n#autofollowback #followback', 77037, 0),
(1303246292, 'El Rey de Bastos', 'JedingJeremy', 'http://pbs.twimg.com/profile_images/3433082318/61ec7b1b16fae27d321bcd9e289395b9_normal.jpeg', '2013-03-26 10:40:51', '', NULL, 'es', 7, 0, 'Amsterdam', 'No sigo a nadie ni quiero que me sigan. Me basta con que alguien me lea.', 726, 0),
(1323024642, 'Cynthia Gubler', 'CynthiaGubler1', 'http://pbs.twimg.com/profile_images/3467942392/eed9aab44d3c76cd5cc34635a8304908_normal.jpeg', '2013-04-02 20:35:41', 'Manila, Philippines', NULL, 'en', 205, 0, NULL, 'Author. Essayist. Linguist. Editor. Creator of the Theory of Sports as a Facilitator in the Promotion of Peace and Security.', 2297, 548),
(1331956104, '??(??´)???', 'GR_OwO', 'http://pbs.twimg.com/profile_images/378800000810065489/64d6b5aa20738ccea14faf9ad5ad5500_normal.jpeg', '2013-04-06 18:24:59', '?????????????', NULL, 'ko', 102, 0, 'Hawaii', 'GRANRODEO:??.??.???', 30385, 165),
(1333369999, 'Antonio M. Rinaldi', 'Rinaldi_euro', 'http://pbs.twimg.com/profile_images/378800000239358750/0602d4b5ff2e3784c552c72adbdf3f17_normal.jpeg', '2013-04-07 08:47:11', '', NULL, 'it', 2963, 0, NULL, 'Universita'' d''Annunzio di Chieti-Pescara e Link Campus Univ. Roma. Autore Il Fallimento dell''Euro? e Europa Kaputt, Firmatario Manifesto Solidarieta'' Europea', 11792, 244),
(1334783156, 'German Learners ', 'germanforall', 'http://pbs.twimg.com/profile_images/378800000664621332/42dc73a1d558577e7b0a23f206828233_normal.jpeg', '2013-04-07 20:22:40', 'Ireland', NULL, 'en', 395, 0, 'Amsterdam', 'Language and culture for all students of German, especially those in Irish Schools', 1725, 167),
(1355550756, 'yungdino_', 'bevilacqua_dino', 'http://pbs.twimg.com/profile_images/378800000701460714/d80423ba870ee7ae692e89ffce83d02b_normal.jpeg', '2013-04-16 01:16:24', '', 'http://t.co/JRpuoesJwP', 'en', 67, 0, NULL, 'Up and coming producer ][ Skater', 345, 157),
(1359832531, '? GFM ? 31186913', 'bhunda_', 'http://pbs.twimg.com/profile_images/378800000761049852/e9e6047f31df63c5a1c7fe74e6eb8cc0_normal.jpeg', '2013-04-17 18:30:03', 'JAKARTA', 'http://t.co/4tUFxXtPYG', 'en', 716, 0, 'Bangkok', 'Jual beautycare!!|thema n font bb| mauu perawatan kulit. follow @bhunda_ y.   cek fav ? ? WA/SMS: +6281556453130 / 081216777202 pin: 31186913', 1083, 2001),
(1376649458, '???', 'Korea_minkuk', 'http://pbs.twimg.com/profile_images/378800000819349801/3bbd1d96a8c162dfb43e8103df6ad241_normal.jpeg', '2013-04-24 11:55:56', '??? ???', NULL, 'ko', 707, 0, NULL, '?', 51154, 604),
(1382253470, 'Clark Kent', 'giantowner', 'http://pbs.twimg.com/profile_images/378800000826855483/8fa65f7a7a48170114c844a565550536_normal.jpeg', '2013-04-26 17:57:37', 'Bali', NULL, 'en', 29, 0, NULL, 'I love Science, history, music and art.', 2610, 84),
(1391773488, 'Sr.Hador', 'SrHador', 'http://pbs.twimg.com/profile_images/378800000806956824/2abfe075af18f427da0401b18e5eb7e8_normal.jpeg', '2013-04-30 13:03:17', 'http://srhador.wordpress.com', 'http://t.co/yoBwKoreaI', 'es', 1148, 0, 'Madrid', '¿Que has dicho? Repitemelo cuando tenga el Photoshop en la mano.', 6245, 335),
(1404059233, 'chicKEN MANIA', 'kemjongen', 'http://pbs.twimg.com/profile_images/378800000827679041/1a83d2c7de3bec350899663d98b53f49_normal.jpeg', '2013-05-05 06:06:09', '', NULL, 'en', 62, 0, 'Beijing', 'heol my neim is kemjongen im da danching-porn-machine who live under ur bed--I mean next door', 2257, 47),
(1409268511, 'Sweg NeRDSHoT', 'Nerdshet_pls', 'http://pbs.twimg.com/profile_images/378800000795909213/609eab464bbd0f0b0beae99f67c891b5_normal.jpeg', '2013-05-07 04:41:00', '', NULL, 'en', 5008, 0, 'Central Time (US & Canada)', '@Hollyylive is mai bich | Not acshualy Nerdshet| Most sweg NA', 2015, 430),
(1417208167, 'Rachael Wurst', 'Rachael_Wurst', 'http://pbs.twimg.com/profile_images/3638687508/f321906c7144bdebe775520c1bcfbaf5_normal.jpeg', '2013-05-10 06:57:52', '', NULL, 'en', 136, 0, NULL, 'The world may be broken but hope is not crazy ?', 772, 132),
(1450576392, 'ronaldo arther', 'ronaldoarther', 'http://pbs.twimg.com/profile_images/3697577735/dea86bd36348e7a94c0ab7b958885f5f_normal.jpeg', '2013-05-23 07:11:44', '', 'http://t.co/JLleRqWW87', 'ar', 15, 0, NULL, 'yes we can http://t.co/PQsiQsTEZX', 81251, 5),
(1454416338, 'armand hugo', 'aramandh', 'http://pbs.twimg.com/profile_images/3703821101/1444bbb6beb4e5a3481f7a7aaf45ee08_normal.jpeg', '2013-05-24 16:54:04', '', 'http://t.co/MmGZ1OWi5p', 'ar', 21, 0, NULL, 'home sweet home http://t.co/MmGZ1OWi5p', 79745, 5),
(1467209888, 'Alex Peters ;)', 'alexvpeters69', 'http://pbs.twimg.com/profile_images/378800000804918683/e6699725d61f51a5da9d958120e3a86a_normal.jpeg', '2013-05-29 14:55:27', 'Bay City MI', NULL, 'en', 77, 0, NULL, 'XO', 969, 238),
(1477523647, 'Samy Teh Scrooge', 'SamyKadeera', 'http://pbs.twimg.com/profile_images/378800000822228360/20e4db313314172ee9dec8c3ad2ee91b_normal.jpeg', '2013-06-02 17:01:56', '', NULL, 'en', 885, 0, NULL, 'Offishial twitter ov Samy Kadeera aka Sweggie Kadeera. Original Khedira toon.', 10750, 433),
(1489337214, '.. Budak Sedo ..', 'Irah_Supian', 'http://pbs.twimg.com/profile_images/378800000762159278/aa00c309eb570687e0bf97b2eb7d68e1_normal.jpeg', '2013-06-07 05:08:56', 'kota bharu kelantan', 'https://t.co/qzJFYmcPkv', 'en', 354, 0, NULL, 'Zafirah?forteen?SMKPadangEnggang?Kelantan                                    subhanallah,alhamdulillah,allahuakbar', 733, 763),
(1491801188, 'Crystal Florencia', 'CrissyFlorencia', 'http://pbs.twimg.com/profile_images/378800000662509595/1f84aa4380e7e0f917567325445a310f_normal.jpeg', '2013-06-08 04:31:05', 'Forest Hills, NY', 'http://t.co/LiooeJyJgj', 'en', 4836, 0, 'Atlantic Time (Canada)', 'I''m witty. I LOVE Animals, sports. I''m from a small suburb in North NJ, but South NJ is my heart. -------- Twitter 06/07/13', 11458, 3882),
(1498743002, 'Free Edward Snowden', 'FreeEdSnowden', 'http://pbs.twimg.com/profile_images/3786018033/255f92f39eed3b1066d64d35dd0aa430_normal.jpeg', '2013-06-10 18:42:02', '', NULL, 'en', 1515, 0, NULL, '', 64066, 81),
(1518620408, 'rianti', 'riantiiy_', 'http://pbs.twimg.com/profile_images/378800000772548449/5fedcb840f769cc92944888eaf36bb44_normal.jpeg', '2013-06-15 08:42:01', 'Chili village - senayan', NULL, 'en', 155, 0, NULL, 'Sibuk memantaskan diri | faculty economy of Prof.Dr.Moestopo?', 1066, 229),
(1524015601, 'BundesAngie', 'BundesAngie', 'http://pbs.twimg.com/profile_images/378800000004753515/2de38a4c1efdd60188a821a5ce47bc43_normal.jpeg', '2013-06-17 07:31:51', 'Berlin', 'http://t.co/9MdewXV4Md', 'de', 51, 0, NULL, 'Über die Bundeskanzlerin Angela Merkel im Kurznachrichtendienst Twitter. Mehr Informationen zu diesem Thema auf der BundesAngie-Webseite.', 8466, 1),
(1566023431, 'fuori dall''euro', 'Fuoridalleuro', 'http://pbs.twimg.com/profile_images/378800000087043072/2063608365a2b7f86db569c223cd3f5e_normal.jpeg', '2013-07-03 17:08:44', '', 'https://t.co/N34jRt7S2L', 'it', 1072, 0, 'Rome', 'Commercialista - Europeista antieuro -  Un giorno perso è un giorno perso, e nessuno te lo ridarà indietro. Uscire dall''euro è l''unica possibilità per l'' Italia', 10823, 185),
(1574237179, 'xmaseveevil', 'xmaseveevil1', 'http://abs.twimg.com/sticky/default_profile_images/default_profile_4_normal.png', '2013-07-07 05:35:30', '', NULL, 'en-gb', 50, 0, 'Amsterdam', 'Award-winning writer. Honours degrees in English and Law. Movie anorak.', 4636, 102),
(1585290692, '??PD', 'elvendruid', 'http://pbs.twimg.com/profile_images/378800000755558197/9f47c0ace4e69de05e3402e14ec27f07_normal.jpeg', '2013-07-11 10:32:45', 'CUBE-IHQ', NULL, 'en', 135, 0, 'Beijing', '«??» «EXO» | ?? ?? ??? ??? | i stan a total of 34 dorks, you do the analysis', 3530, 158),
(1594805798, 'Romy?', 'romyprestly', 'http://pbs.twimg.com/profile_images/378800000754070061/a1dd96d12f967ef865e4e03f6a5e04d9_normal.jpeg', '2013-07-15 04:43:26', '', NULL, 'en', 111, 0, NULL, '?', 447, 239),
(1598704231, 'FFRNN University', 'FFRNNUniversity', 'http://pbs.twimg.com/profile_images/378800000629454354/c80220de11c8a59ed1f4fde69c0c57a7_normal.jpeg', '2013-07-16 17:39:26', 'USA & AROUND THE WORLD', NULL, 'en', 828, 0, 'Eastern Time (US & Canada)', 'FREEDOM & LIBERTY CLASSROOM US CONSTITUTION IS LAW & IS NOT A LEFT RIGHT ISSUE. THIS ACCT DOES #FOLLOWBACK AT THIS TIME. COME TO CLASS.', 5578, 756),
(1602078200, 'Zach Bolich', 'spankmymonekey', 'http://pbs.twimg.com/profile_images/378800000149671730/7b345fa2eb09e4782e877e5bd3924afb_normal.jpeg', '2013-07-18 01:33:03', '', NULL, 'en', 11, 0, NULL, '', 174, 93),
(1615435064, 'Kourtney Merkel', 'kourtney_merkel', 'http://pbs.twimg.com/profile_images/378800000522067386/6ba8bea7e89ade5fa127169314ebccec_normal.jpeg', '2013-07-23 16:47:50', '04•26•13', NULL, 'en', 206, 0, NULL, '', 1089, 205),
(1622615839, 'Conflict 100', 'Conflict100uk', 'http://pbs.twimg.com/profile_images/378800000538243319/53abf8dfcf263b6e2029a6ab9c27f2ea_normal.jpeg', '2013-07-26 12:08:28', 'UK', 'http://t.co/fhU1LFK9cG', 'en', 89, 0, NULL, 'A century of warfare remembered - lead partners @Helionbooks @MilitaryHistory @30DegreesSouth @elihanmedia', 311, 185),
(1657837148, 'Someer Islam', 'someer_islam', 'http://pbs.twimg.com/profile_images/378800000527783047/a41a6cb0c28d56b31f44d1b8e1974c95_normal.jpeg', '2013-08-09 16:07:56', '', NULL, 'en', 32, 0, NULL, 'Hi! I am simple boy.I am Muslim. Always i like to do good  deeds. find me www. http://t.co/XycwAow28Y @ Mozid islam', 962, 37),
(1658695717, 'milobit', 'milobit', 'http://pbs.twimg.com/profile_images/378800000266789745/943d281c760f937c182a2d5af1467f63_normal.jpeg', '2013-08-09 23:45:42', '', 'http://t.co/aCJ6cUmImB', 'en', 59, 0, NULL, 'Dreaming in digital, living in real-time, thinking in binary, talking in IP, welcome to my world!', 63, 95),
(1661983705, 'Eta_JaeHwa', 'EtaJaeHwa', 'http://pbs.twimg.com/profile_images/378800000273503999/4d3593b8f52cf5622f9e32739c1600d4_normal.jpeg', '2013-08-11 09:56:38', '', NULL, 'id', 41, 0, NULL, 'always trying to be the best', 287, 76),
(1662931524, 'indigo dorsey', 'GotBackupJuice', 'http://pbs.twimg.com/profile_images/378800000830376696/04d43f5bddeaf58db922564f875a5b86_normal.jpeg', '2013-08-11 18:39:33', '2/4 | Wisconsin', NULL, 'en', 1377, 0, 'Eastern Time (US & Canada)', 'tis the hour we milketh the cattle', 9577, 1554),
(1667909474, 'W Holden', 'wholden42', 'http://pbs.twimg.com/profile_images/378800000651648534/b90bc8c07595974645648bf607b03a4c_normal.jpeg', '2013-08-13 16:08:33', '', NULL, 'en', 1877, 0, NULL, 'Sometimes a man stays a long time in the same place and measures himself by how well he is doing, rather than by where he is going.', 31650, 1621),
(1675841748, 'Tech Talk King', 'TechTalkKing', 'http://pbs.twimg.com/profile_images/378800000307945041/cd82c6a259b72770966fc5d902984753_normal.png', '2013-08-16 16:32:00', '', 'http://t.co/RwZe4ovifs', 'en', 210, 0, NULL, 'We Are all about Everything Tech from Gadgets, Gaming, Software, Hardware, Mobile Devices and much much more…', 14559, 1284),
(1698953162, 'NORMALIZE ETHIOPIA!', 'normalizedworld', 'http://pbs.twimg.com/profile_images/378800000580628502/764d2eee3c6d3a5ff196e99cdf1499b7_normal.jpeg', '2013-08-25 13:29:01', 'NAIROBI', NULL, 'en', 12, 0, 'Baghdad', 'DETEST IMMORALS WHO CONSPIRED NO-DUG AFTER CRAFT PURCHASE!CONDEMN TALK WON ITALY!MAD WENT WAR WITHOUT THE LONG SLIM LAND!SAD AGAINST DAM CONSPIRACY SINCE 1860s!', 1847, 3),
(1726525238, 'knt fmnt', '1knthernt', 'http://pbs.twimg.com/profile_images/378800000554927670/abf082e52e4af08c3f6c5f30e915cff2_normal.jpeg', '2013-09-03 22:06:57', '', NULL, 'en', 232, 0, NULL, '', 6340, 269),
(1832790530, 'cyborg superman', 'cyborgsuperman6', 'http://pbs.twimg.com/profile_images/378800000493874712/37ccb0f79b15270e0cf08565ea5186ca_normal.jpeg', '2013-09-08 20:27:38', 'california', NULL, 'en', 98, 0, 'Arizona', '#TGDN..follow me.ill follow back..harrass me get blocked. back up for @markabelar', 579, 96),
(1860558667, 'Steinbrueck News', 'SteinbrueckNews', 'http://pbs.twimg.com/profile_images/378800000451367918/b7a91acaf23c1d157de06cc2be2a7ec0_normal.jpeg', '2013-09-13 14:55:42', '', NULL, 'en', 128, 0, NULL, 'Alle News über Peer #Steinbrück', 360, 535),
(1879108838, 'Erica', 'habwanderlust', 'http://pbs.twimg.com/profile_images/378800000494674578/9d2ca2e18d4139502cb13eda994867d4_normal.jpeg', '2013-09-18 13:20:35', 'Dublin, Ireland', 'http://t.co/TCctFYs41c', 'en-gb', 96, 0, NULL, 'European Studies, Travel Blogging and Tea.', 423, 356),
(1888126572, 'Bevan Etterwick', 'Intellektt', 'http://pbs.twimg.com/profile_images/378800000751564762/64317d144256261883ace5a9adc231ba_normal.jpeg', '2013-09-21 01:26:37', 'Ypsilanti, Michigan', NULL, 'en', 225, 0, NULL, 'Principle over Passion . #Taurus #teamlefthanded XIX Survival of the Slickest', 10822, 409),
(1952810856, 'LSQ', 'LSQld', 'http://pbs.twimg.com/profile_images/378800000577826928/2899ad68bed36a3ffbfa6602f14a89e8_normal.png', '2013-10-11 01:26:56', 'Queensland, Australia.', 'http://t.co/2MOkpbpuQI', 'en', 31, 0, NULL, 'Life Sciences Queensland Ltd. Innovation advocate. Providing  growth opportunities for LSQ Members and the Aus. life sciences industry.', 29, 94),
(1974837745, 'missy', 'leleoneill', 'http://pbs.twimg.com/profile_images/378800000694866658/a55a0340115c88ec41330d68c19aa9ab_normal.jpeg', '2013-10-20 13:27:31', '', NULL, 'en', 72, 0, NULL, 'Xxxxx', 263, 94),
(1976525640, 'Alaina Dawson', 'chromeoremix', 'http://pbs.twimg.com/profile_images/378800000680807852/5126164a1b310d89c6f90cf8d90e4b07_normal.jpeg', '2013-10-21 00:03:48', '', NULL, 'en', 72, 0, NULL, 'Boot-wearing, tea-drinking, ocean-loving URI student.', 1453, 72),
(2162636639, 'Hans-Jürgen Harzer', 'HansHarzer', 'http://pbs.twimg.com/profile_images/378800000689363509/75677e4e0918c522238513c9f2867fab_normal.jpeg', '2013-11-01 02:22:05', 'Harz   (Sachsen-Anhalt)', NULL, 'de', 1, 0, NULL, '', 22, 17),
(2163764826, 'Draek', 'AmDrizziDraek', 'http://pbs.twimg.com/profile_images/378800000825945063/4b4f64cf52268ac598b071ba7039734b_normal.jpeg', '2013-10-30 01:04:24', 'Houstalantavegaz', NULL, 'en', 12290, 0, NULL, 'ive gawt mi eyez on u| for business/questions Kik: AmDrizziDraek| Follo me fur a gud laff|', 41, 1615),
(2169261399, 'Niamh Scott', 'niamhscott123', 'http://pbs.twimg.com/profile_images/378800000803953362/b36a45ea082a89f67d8e61934be7aaf9_normal.jpeg', '2013-11-05 11:42:53', '', NULL, 'en', 133, 0, NULL, '', 282, 249),
(2171656313, 'inoculated Idiocracy', 'Daily_Idiocracy', 'http://pbs.twimg.com/profile_images/378800000761373554/a58867d2f8d19337c88c2d990a630d8f_normal.jpeg', '2013-11-07 05:02:13', 'the Matrix', NULL, 'en', 20, 0, NULL, '', 114, 117),
(2171658039, 'Vol Kyle', 'Gravity_is_Gone', 'http://pbs.twimg.com/profile_images/378800000744316320/1f0c85dfc2a1066327a2c6df780310d4_normal.jpeg', '2013-11-07 05:05:17', '', NULL, 'en', 43, 0, NULL, '', 258, 264),
(2172870530, 'Kaeli Winberg', 'GreenGardenFlor', 'http://pbs.twimg.com/profile_images/378800000744879367/274a79a2e6646bd75be4e3c834a4191f_normal.jpeg', '2013-11-03 22:53:45', '', NULL, 'en', 271, 0, NULL, 'Art and anecdote collector, writer, traveler, and social activist. Follow me for creative thoughts, art, and news!', 317, 529),
(2175738551, 'rleeBryner', 'rleeBryner', 'http://pbs.twimg.com/profile_images/378800000824905362/8368ded7a933dd1ae1169ec9cbd1a76c_normal.png', '2013-11-10 14:14:52', '', NULL, 'en', 0, 0, NULL, '', 69, 0),
(2175869897, 'rehpqori', 'rehpqori', 'http://pbs.twimg.com/profile_images/378800000824980368/9aaa62062e802855e1f423ad2d7c19dc_normal.jpeg', '2013-11-10 16:31:09', '', NULL, 'en', 0, 0, NULL, '', 67, 0),
(2175982107, 'rnheimJud', 'rnheimJud', 'http://pbs.twimg.com/profile_images/378800000824946613/0054cb9b75b64e24e5670a3cc033ad29_normal.jpeg', '2013-11-10 18:30:08', '', NULL, 'en', 0, 0, NULL, '', 69, 0),
(2188008374, 'Indian Salute', 'IndianSalutes', 'http://pbs.twimg.com/profile_images/378800000749545233/33f84ad011719753b0b4c1775984623d_normal.png', '2013-11-11 10:02:25', 'India', 'http://t.co/KV2DjxdnFI', 'en', 67, 0, 'Baghdad', 'Appreciated By World Rejected By India', 1139, 110),
(2213619535, 'm_bot_market', 'm_bot_market', 'http://abs.twimg.com/sticky/default_profile_images/default_profile_1_normal.png', '2013-11-25 06:55:55', '', NULL, 'ja', 2, 0, NULL, '', 690, 0),
(2226820800, 'MicHaEL MarpaunG', 'micha_paung', 'http://pbs.twimg.com/profile_images/378800000827149799/e2d3af3a962e3a5440901ad0cb7f7ae7_normal.jpeg', '2013-12-02 16:14:44', 'bogor', 'http://t.co/5Aysqnue5G', 'id', 826, 0, NULL, 'nama gw michael smith . hoby gw main basket..i believe in jesus.  09 mei 1996', 784, 26),
(2228114388, 'fransadan', 'suleymancay09', 'http://pbs.twimg.com/profile_images/378800000824569263/23aaf7e2bb6c31f3ae33523a9ab4606b_normal.jpeg', '2013-12-03 11:59:44', '', NULL, 'tr', 30, 0, 'Amsterdam', '#MilletinSesiAzizdir', 125, 16),
(2230241658, 'cortine Jhingree', 'biovulara01gMel', 'http://pbs.twimg.com/profile_images/378800000829920036/f0640fb1e110ae69f6f8c53d5c3d9bbf_normal.jpeg', '2013-12-04 18:17:18', 'SANTA ROSA, LA PAMPA', NULL, 'en', 0, 0, NULL, 'what we did was last minute I went over there to get my lashes done So chill', 115, 0),
(2230606190, 'Gringo', 'gringo_mm', 'http://pbs.twimg.com/profile_images/378800000830330638/737b8f0db9c0f4397e8437461ff0eb11_normal.jpeg', '2013-12-05 00:12:34', '', NULL, 'en-gb', 0, 0, NULL, '', 2, 10);

--
-- Constraints der exportierten Tabellen
--

--
-- Constraints der Tabelle `mentions`
--
ALTER TABLE `mentions`
  ADD CONSTRAINT `fk_tweets_has_users_tweets` FOREIGN KEY (`tweets_id`) REFERENCES `tweets` (`id`) ON DELETE NO ACTION ON UPDATE NO ACTION;

--
-- Constraints der Tabelle `tweets`
--
ALTER TABLE `tweets`
  ADD CONSTRAINT `fk_tweets_tweets2` FOREIGN KEY (`is_retweet_of_id`) REFERENCES `tweets` (`id`) ON DELETE NO ACTION ON UPDATE NO ACTION,
  ADD CONSTRAINT `fk_tweets_users1` FOREIGN KEY (`users_id`) REFERENCES `users` (`id`) ON DELETE NO ACTION ON UPDATE NO ACTION;

--
-- Constraints der Tabelle `tweets_has_hashtags`
--
ALTER TABLE `tweets_has_hashtags`
  ADD CONSTRAINT `fk_tweets_has_hashtags_tweets1` FOREIGN KEY (`tweets_id`) REFERENCES `tweets` (`id`) ON DELETE NO ACTION ON UPDATE NO ACTION,
  ADD CONSTRAINT `fk_tweets_has_hashtags_hashtags1` FOREIGN KEY (`hashtags_id`) REFERENCES `hashtags` (`id`) ON DELETE NO ACTION ON UPDATE NO ACTION;

--
-- Constraints der Tabelle `tweets_has_search_terms`
--
ALTER TABLE `tweets_has_search_terms`
  ADD CONSTRAINT `fk_tweets_has_search_terms_tweets1` FOREIGN KEY (`tweets_id`) REFERENCES `tweets` (`id`) ON DELETE NO ACTION ON UPDATE NO ACTION,
  ADD CONSTRAINT `fk_tweets_has_search_terms_search_terms1` FOREIGN KEY (`search_terms_id`) REFERENCES `search_terms` (`id`) ON DELETE NO ACTION ON UPDATE NO ACTION;

/*!40101 SET CHARACTER_SET_CLIENT=@OLD_CHARACTER_SET_CLIENT */;
/*!40101 SET CHARACTER_SET_RESULTS=@OLD_CHARACTER_SET_RESULTS */;
/*!40101 SET COLLATION_CONNECTION=@OLD_COLLATION_CONNECTION */;
